Year,Country,Artist,Title,Place F,Points F,Place SF1,Points SF1,Place SF2,Points SF2
1956,Switzerland,Lys Assia,Refrain,1,,,,,
1956,Belgium,Mony Marc,Le Plus Beau Jour De Ma Vie,,,,,,
1956,Belgium,Fud Leclerc,Messieurs Les Noyes De La Seine,,,,,,
1956,France,Dany Dauberson,Il Est La,,,,,,
1956,France,Mathe Altery,Le Temps Perdu,,,,,,
1956,Germany,Freddy Quinn,So Geht Das Jede Nacht,,,,,,
1956,Germany,Walter Andreas Schwarz,Im Wartesaal Zum Grossen Gluck,,,,,,
1956,Italy,Tonina Torielli,Amami Se Vuoi,,,,,,
1956,Italy,Franca Raimondi,Aprite Le Finestre,,,,,,
1956,Luxembourg,Michele Arnaud,Les Amants De Minuit,,,,,,
1956,Luxembourg,Michele Arnaud,Ne Crois Pas,,,,,,
1956,Netherlands,Corry Brokken,Voorgoed Voorbij,,,,,,
1956,Netherlands,Jetty Paerl,De Vogels Van Holland,,,,,,
1956,Switzerland,Lys Assia,Das Alte Karussell,,,,,,
1957,Austria,Bob Martin,"Wohin, Kleines Pony",10,3,,,,
1957,Belgium,Bobbejaan Schoepen,Straatdeuntje,8,5,,,,
1957,Denmark,Birthe Wilke and Gustav Winckler,Skibet Skal Sejle I Nat,3,10,,,,
1957,France,Paule Desjardins,La Belle Amour,2,17,,,,
1957,Germany,Margot Hielscher,"Telefon, Telefon",4,8,,,,
1957,Italy,Nunzio Gallo,Corde Della Mia Chitarra,6,7,,,,
1957,Luxembourg,Daniele Dupre,Tant De Peine,4,8,,,,
1957,Netherlands,Corry Brokken,Net Als Toen,1,31,,,,
1957,Switzerland,Lys Assia,L'enfant Que J'etais,8,5,,,,
1957,United Kingdom,Patricia Bredin,All,7,6,,,,
1958,Austria,Liane Augustin,Die Ganze Welt Braucht Liebe,5,8,,,,
1958,Belgium,Fud Leclerc,Ma Petite Chatte,5,8,,,,
1958,Denmark,Raquel Rastenni,Jeg Rev Et Blad Ud Af Min Dagbog,8,3,,,,
1958,France,Andre Claveau,Dors Mon Amour,1,27,,,,
1958,Germany,Margot Hielscher,Fur Zwei Groschen Musik,7,5,,,,
1958,Italy,Domenico Modugno,Nel Blu Dipinto Di Blu,3,13,,,,
1958,Luxembourg,Solange Berry,Un Grand Amour,9,1,,,,
1958,Netherlands,Corry Brokken,Heel De Wereld,9,1,,,,
1958,Sweden,Alice Babs,Lilla Stjarna,4,10,,,,
1958,Switzerland,Lys Assia,Giorgio,2,24,,,,
1959,Austria,Ferry Graf,Der K. Und K. Kalypso Aus Wien,9,4,,,,
1959,Belgium,Bob Benny,Hou Toch Van Mij,6,9,,,,
1959,Denmark,Birthe Wilke,Uh-jeg Ville Onske Jeg Var Dig,5,12,,,,
1959,France,Jean Philippe,"Oui, Oui, Oui, Oui",3,15,,,,
1959,Germany,Alice and Ellen Kessler,Heut' Woll'n Wir Tanzen Geh'n,8,5,,,,
1959,Italy,Domenico Modugno,Piove,6,9,,,,
1959,Monaco,Jacques Pills,Mon Ami Pierrot,11,1,,,,
1959,Netherlands,Teddy Scholten,Een Beetje,1,21,,,,
1959,Sweden,Brita Borg,Augustin,9,4,,,,
1959,Switzerland,Christa Williams,Irgendwoher,4,14,,,,
1959,United Kingdom,Pearl Carr and Teddy Johnson,Sing Little Birdie,2,16,,,,
1960,Austria,Harry Winter,Du Hast Mich So Fasziniert,7,6,,,,
1960,Belgium,Fud Leclerc,Mon Amour Pour Toi,6,9,,,,
1960,Denmark,Katy Bodtger,Det Var En Yndig Tid,10,4,,,,
1960,France,Jacqueline Boyer,Tom Pillibi,1,32,,,,
1960,Germany,Wyn Hoop,"Bonne Nuit, Ma Cherie!",4,11,,,,
1960,Italy,Renato Rascel,Romantica,8,5,,,,
1960,Luxembourg,Camillo Felgen,So Laang We's Du Do Bast,13,1,,,,
1960,Monaco,Francois Deguelt,Ce Soir-la,3,15,,,,
1960,Netherlands,Rudi Carrell,Wat Een Geluk,12,2,,,,
1960,Norway,Nora Brockstedt,Voi-voi,4,11,,,,
1960,Sweden,Siw Malmkvist,Alla Andra Far Varann,10,4,,,,
1960,Switzerland,Anita Traversi,Cielo E Terra,8,5,,,,
1960,United Kingdom,Bryan Johnson,"Looking High, High, High",2,25,,,,
1961,Austria,Jimmy Makulis,Sehnsucht,15,1,,,,
1961,Belgium,Bob Benny,"September, Gouden Roos",15,1,,,,
1961,Denmark,Dario Campeotto,Angelique,5,12,,,,
1961,Finland,Laila Kinnunen,Valoa Ikkunassa,10,6,,,,
1961,France,Jean-Paul Mauric,Printemps (avril Carillonne),4,13,,,,
1961,Germany,Lale Andersen,Einmal Sehen Wir Uns Wieder,13,3,,,,
1961,Italy,Betty Curtis,Al Di La,5,12,,,,
1961,Luxembourg,Jean-Claude Pascal,Nous Les Amoureux,1,31,,,,
1961,Monaco,Colette Dereal,"Allons, Allons Les Enfants",10,6,,,,
1961,Netherlands,Greetje Kauffeld,Wat Een Dag,10,6,,,,
1961,Norway,Nora Brockstedt,Sommer I Palma,7,10,,,,
1961,Spain,Conchita Bautista,Estando Contigo,9,8,,,,
1961,Sweden,Lill-Babs,"April, April",14,2,,,,
1961,Switzerland,Franca di Rienzo,Nous Aurons Demain,3,16,,,,
1961,United Kingdom,The Allisons,Are You Sure?,2,24,,,,
1961,Yugoslavia,Ljiljana Petrovic,Neke Davne Zvezde,8,9,,,,
1962,Austria,Eleonore Schwarz,Nur In Der Wiener Luft,13,0,,,,
1962,Belgium,Fud Leclerc,Ton Nom,13,0,,,,
1962,Denmark,Ellen Winther,Vuggevise,10,2,,,,
1962,Finland,Marion Rung,Tipi-tii,7,4,,,,
1962,France,Isabelle Aubret,Un Premier Amour,1,26,,,,
1962,Germany,Conny Froboess,Zwei Kleine Italiener,6,9,,,,
1962,Italy,Claudio Villa,"Addio, Addio",9,3,,,,
1962,Luxembourg,Camillo Felgen,Petit Bonhomme,3,11,,,,
1962,Monaco,Francois Deguelt,Dis Rien,2,13,,,,
1962,Netherlands,De Spelbrekers,Katinka,13,0,,,,
1962,Norway,Inger Jacobsen,"Kom Sol, Kom Regn",10,2,,,,
1962,Spain,Victor Balaguer,Llamame,13,0,,,,
1962,Sweden,Inger Berggren,Sol Och Var,7,4,,,,
1962,Switzerland,Jean Philippe,Le Retour,10,2,,,,
1962,United Kingdom,Ronnie Carroll,Ring-a-ding Girl,4,10,,,,
1962,Yugoslavia,Lola Novakovic,Ne Pali Svetlo U Sumrak,4,10,,,,
1963,Austria,Carmela Corren,Vielleicht Geschieht Ein Wunder,7,16,,,,
1963,Belgium,Jacques Raymond,Waarom,10,4,,,,
1963,Denmark,Grethe and Jorgen Ingmann,Dansevise,1,42,,,,
1963,Finland,Laila Halme,Muistojeni Laulu,13,0,,,,
1963,France,Alain Barriere,Elle etait Si Jolie,5,25,,,,
1963,Germany,Heidi Bruhl,Marcel,9,5,,,,
1963,Italy,Emilio Pericoli,Uno Per Tutte,3,37,,,,
1963,Luxembourg,Nana Mouskouri,A Force De Prier,8,13,,,,
1963,Monaco,Francoise Hardy,L'amour S'en Va,5,25,,,,
1963,Netherlands,Annie Palmen,Een Speeldoos,13,0,,,,
1963,Norway,Anita Thallaug,Solhverv,13,0,,,,
1963,Spain,Jose Guardiola,Algo Prodigioso,12,2,,,,
1963,Sweden,Monica Zetterlund,En Gang I Stockholm,13,0,,,,
1963,Switzerland,Esther Ofarim,T'en Va Pas,2,40,,,,
1963,United Kingdom,Ronnie Carroll,Say Wonderful Things,4,28,,,,
1963,Yugoslavia,Vice Vukov,Brodovi,11,3,,,,
1964,Austria,Udo Jurgens,"Warum Nur, Warum?",6,11,,,,
1964,Belgium,Robert Cogoi,Pres De Ma Riviere,10,2,,,,
1964,Denmark,Bjorn Tidmand,Sangen Om Dig,9,4,,,,
1964,Finland,Lasse Martenson,Laiskotellen,7,9,,,,
1964,France,Rachel,Le Chant De Mallory,4,14,,,,
1964,Germany,Nora Nova,Man Gewohnt Sich So Schnell An Das Schone,13,0,,,,
1964,Italy,Gigliola Cinquetti,Non Ho L'eta,1,49,,,,
1964,Luxembourg,Hugues Aufray,Des Que Le Printemps Revient,4,14,,,,
1964,Monaco,Romuald,Ou Sont-elles Passees?,3,15,,,,
1964,Netherlands,Anneke Gronloh,Jij Bent Mijn Leven,10,2,,,,
1964,Norway,Arne Bendiksen,Spiral,8,6,,,,
1964,Portugal,Antonio Calvario,Oracao,13,0,,,,
1964,Spain,"Tim, Nelly and Tony",Caracola,12,1,,,,
1964,Switzerland,Anita Traversi,I Miei Pensieri,13,0,,,,
1964,United Kingdom,Matt Monro,I Love The Little Things,2,17,,,,
1964,Yugoslavia,Sabahudin Kurt,Zivot Je Sklopio Krug,13,0,,,,
1965,Austria,Udo Jurgens,"Sag Ihr, Ich Lass' Sie Grussen",4,16,,,,
1965,Belgium,Lize Marke,Als Het Weer Lente Is,15,0,,,,
1965,Denmark,Birgit Bruel,For Din Skyld,7,10,,,,
1965,Finland,Viktor Klimenko,Aurinko Laskee Lanteen,15,0,,,,
1965,France,Guy Mardel,N'avoue Jamais,3,22,,,,
1965,Germany,Ulla Wiesner,"Paradies, Wo Bist Du?",15,0,,,,
1965,Ireland,Butch Moore,I'm Walking The Streets In The Rain,6,11,,,,
1965,Italy,Bobby Solo,"Se Piangi, Se Ridi",5,15,,,,
1965,Luxembourg,France Gall,"Poupee De Cire, Poupee De Son",1,32,,,,
1965,Monaco,Marjorie Noel,Va Dire a L'amour,9,7,,,,
1965,Netherlands,Conny Van den bos,Het Is Genoeg,11,5,,,,
1965,Norway,Kirsti Sparboe,Karusell,13,1,,,,
1965,Portugal,Simone de Oliviera,Sol De Inverno,13,1,,,,
1965,Spain,Conchita Bautista,"Que Bueno, Que Bueno",15,0,,,,
1965,Sweden,Ingvar Wixell,Absent Friend,10,6,,,,
1965,Switzerland,Yovanna,Non a Jamais Sans Toi,8,8,,,,
1965,United Kingdom,Kathy Kirby,I Belong,2,26,,,,
1965,Yugoslavia,Vice Vukov,Ceznja,12,2,,,,
1966,Austria,Udo Jurgens,Merci Cherie,1,31,,,,
1966,Belgium,Tonia,"Un Peu De Poivre, Un Peu De Sel",4,14,,,,
1966,Denmark,Ulla Pia,"Stop, Ja Stop - Ja Stop, Mens Legen Er Go",14,4,,,,
1966,Finland,Ann-Christine Nystrom,Play-boy,10,7,,,,
1966,France,Dominique Walter,Chez Nous,16,1,,,,
1966,Germany,Margot Eskens,Die Zeiger Der Uhr,10,7,,,,
1966,Ireland,Dickie Rock,Come Back To Stay,4,14,,,,
1966,Italy,Domenico Modugno,Dio Come Ti Amo,17,0,,,,
1966,Luxembourg,Michele Torr,Ce Soir Je T'attendais,10,7,,,,
1966,Monaco,Tereza,Bien Plus Fort,17,0,,,,
1966,Netherlands,Milly Scott,Fernando En Philippo,15,2,,,,
1966,Norway,Ase Kleveland,Intet Er Nytt Under Solen,3,15,,,,
1966,Portugal,Madalena Iglesias,Ele E Ela,13,6,,,,
1966,Spain,Raphael,Yo Soy Aquel,7,9,,,,
1966,Sweden,Lill Lindfors and Svante Thuresson,Nygammal Vals Eller Hip Man Svinaherde,2,16,,,,
1966,Switzerland,Madeleine Pascal,Ne Vois-tu Pas?,6,12,,,,
1966,United Kingdom,Kenneth McKellar,A Man Without Love,9,8,,,,
1966,Yugoslavia,Berta Ambroz,Brez Besed,7,9,,,,
1967,Austria,Peter Horten,Warum Es Hunderttausend Sterne Gibt,14,2,,,,
1967,Belgium,Louis Neefs,Ik Heb Zorgen,7,8,,,,
1967,Finland,Fredi,Varjoon-suojaan,12,3,,,,
1967,France,Noelle Cordier,Il Doit Faire Beau La-bas,3,20,,,,
1967,Germany,Inge Bruck,Anouschka,8,7,,,,
1967,Ireland,Sean Dunphy,If I Could Choose,2,22,,,,
1967,Italy,Claudio Villa,Non Andare Piu Lontano,11,4,,,,
1967,Luxembourg,Vicky,L'amour Est Bleu,4,17,,,,
1967,Monaco,Minouche Barelli,Boum-badaboum,5,10,,,,
1967,Netherlands,Therese Steinmetz,Ring-dinge,14,2,,,,
1967,Norway,Kirsti Sparboe,Dukkemann,14,2,,,,
1967,Portugal,Eduardo Nascimento,O Vento Mudou,12,3,,,,
1967,Spain,Raphael,Hablemos Del Amor,6,9,,,,
1967,Sweden,Osten Warnebring,Som En Drom,8,7,,,,
1967,Switzerland,Geraldine,Quel Coeur Vas-tu Briser?,17,0,,,,
1967,United Kingdom,Sandie Shaw,Puppet On A String,1,47,,,,
1967,Yugoslavia,Lado Leskovar,Vse Roze Sveta,8,7,,,,
1968,Austria,Karel Gott,Tausend Fenster,13,2,,,,
1968,Belgium,Claude Lombard,Quand Tu Reviendras,7,8,,,,
1968,Finland,Kristina Hautala,Kun Kello Kay,16,1,,,,
1968,France,Isabelle Aubret,La Source,3,20,,,,
1968,Germany,Wencke Myhre,Ein Hoch Der Liebe,6,11,,,,
1968,Ireland,Pat McGeegan,Chance Of A Lifetime,4,18,,,,
1968,Italy,Sergio Endrigo,Marianne,10,7,,,,
1968,Luxembourg,Chris Baldo and Sophie Garel,Nous Vivrons D'amour,11,5,,,,
1968,Monaco,Line and Willy,A Chacun Sa Chanson,7,8,,,,
1968,Netherlands,Ronnie Tober,Morgen,16,1,,,,
1968,Norway,Odd Borre,Stress,13,2,,,,
1968,Portugal,Carlos Mendes,Verao,11,5,,,,
1968,Spain,Massiel,"La, La, La...",1,29,,,,
1968,Sweden,Claes-Goran Hederstrom,"Det Borjar Verka Karlek, Banne Mej",5,15,,,,
1968,Switzerland,Gianni Mascolo,Guardando Il Sole,13,2,,,,
1968,United Kingdom,Cliff Richard,Congratulations,2,28,,,,
1968,Yugoslavia,Luci Kapurso and Hamo Hajdarhodzic,Jedan Dan,7,8,,,,
1969,Belgium,Louis Neefs,Jennifer Jennings,7,10,,,,
1969,Finland,Jarkko and Laura,Kuin Silloin Ennen,12,6,,,,
1969,France,Frida Boccara,"Un Jour, Un Enfant",1,18,,,,
1969,Germany,Siw Malmkvist,Primaballerina,9,8,,,,
1969,Ireland,Muriel Day and the Lindsays,The Wages Of Love,7,10,,,,
1969,Italy,Iva Zanicchi,Due Grosse Lacrime Bianche,13,5,,,,
1969,Luxembourg,Romuald,Catherine,11,7,,,,
1969,Monaco,Jean-Jacques,"Maman, Maman",6,11,,,,
1969,Netherlands,Lenny Kuhr,De Troubadour,1,18,,,,
1969,Norway,Kirsti Sparboe,"Oj, Oj, Oj, Sa Glad, Jeg Skal Bli",16,1,,,,
1969,Portugal,Simone de Oliveira,Desfolhada Portuguesa,15,4,,,,
1969,Spain,Salome,Vivo Cantando,1,18,,,,
1969,Sweden,Tommy Korberg,"Judy, Min Van",9,8,,,,
1969,Switzerland,Paola del Medico,"Bonjour, Bonjour",5,13,,,,
1969,United Kingdom,Lulu,Boom Bang-a-bang,1,18,,,,
1969,Yugoslavia,Ivan,Pozdrav Svijetu,13,5,,,,
1970,Belgium,Jean Vallee,Viens L'oublier,8,5,,,,
1970,France,Guy Bonnet,Marie Blanche,4,8,,,,
1970,Germany,Katja Ebstein,Wunder Gibt Es Immer Wieder,3,12,,,,
1970,Ireland,Dana,All Kinds Of Everything,1,32,,,,
1970,Italy,Gianni Morandi,Occhi Di Ragazza,8,5,,,,
1970,Luxembourg,David-Alexandre Winter,Je Suis Tombe Du Ciel,12,0,,,,
1970,Monaco,Dominique Dussault,Marlene,8,5,,,,
1970,Netherlands,Patricia and Hearts of Soul,Waterman,7,7,,,,
1970,Spain,Julio Iglesias,Gwendolyne,4,8,,,,
1970,Switzerland,Henri Des,Retour,4,8,,,,
1970,United Kingdom,Mary Hopkin,"Knock, Knock (who's There?)",2,26,,,,
1970,Yugoslavia,Eva Srsen,"Pridi, Dala Ti Bom Cvet",11,4,,,,
1971,Austria,Marianne Mendt,Musik,16,66,,,,
1971,Belgium,Lily Castel and Jacques Raymond,"Goeie Morgen, Morgen",14,68,,,,
1971,Finland,Markku Aro and Koivisto Sisters,Tie Uuteen Paivaan,8,84,,,,
1971,France,Serge Lama,Un Jardin Sur La Terre,10,82,,,,
1971,Germany,Katja Ebstein,Diese Welt,3,100,,,,
1971,Ireland,Angela Farrell,One Day Love,11,79,,,,
1971,Italy,Massimo Ranieri,L'amore e Un Attimo,5,91,,,,
1971,Luxembourg,Monique Melsen,"Pomme, Pomme, Pomme",13,70,,,,
1971,Malta,Joe Grech,Marija L-maltija,18,52,,,,
1971,Monaco,Severine,"Un Banc, Un Arbre, Une Rue",1,128,,,,
1971,Netherlands,Saskia and Serge,De Tijd,6,85,,,,
1971,Norway,Hanne Krogh,Lykken Er...,17,65,,,,
1971,Portugal,Tonicha,Menina Do Alto Da Serra,9,83,,,,
1971,Spain,Karina,En Un Mundo Nuevo,2,116,,,,
1971,Sweden,Family Four,Vita Vidder,6,85,,,,
1971,Switzerland,"Peter, Sue and Marc",Les Illusions De Nos Vingt Ans,12,78,,,,
1971,United Kingdom,Clodagh Rodgers,Jack In The Box,4,98,,,,
1971,Yugoslavia,Krunoslav Slabinac,Tvoj Djecak Je Tuzan,14,68,,,,
1972,Austria,The Milestones,Falter Im Wind,5,100,,,,
1972,Belgium,Serge and Christine Ghisoland,A La Folie Ou Pas Du Tout,17,55,,,,
1972,Finland,Paivi Paunu and Kim Floor,Muistathan,12,78,,,,
1972,France,Betty Mars,Come-comedie,11,81,,,,
1972,Germany,Mary Roos,Nur Die Liebe Lasst Uns Leben,3,107,,,,
1972,Ireland,Sandie Jones,Ceol On Ghra,15,72,,,,
1972,Italy,Nicola di Bari,I Giorni Dell' Arcobaleno,6,92,,,,
1972,Luxembourg,Vicky Leandros,Apres Toi,1,128,,,,
1972,Malta,Helen and Joseph,L-imhabba,18,48,,,,
1972,Monaco,Anne-Marie Godart and Peter MacLane,Comme On S'aime,16,65,,,,
1972,Netherlands,Sandra and Andres,Als Het Om De Liefde Gaat,4,106,,,,
1972,Norway,Grethe Kausland and Benny Borg,Smating,14,73,,,,
1972,Portugal,Carlos Mendes,A Festa Da Vida,7,90,,,,
1972,Spain,Jaime Morey,Amanece,10,83,,,,
1972,Sweden,Family Four,Harliga Sommardag,13,75,,,,
1972,Switzerland,Veronique Muller,C'est La Chanson De Mon Amour,8,88,,,,
1972,United Kingdom,The New Seekers,"Beg, Steal Or Borrow",2,114,,,,
1972,Yugoslavia,Tereza,Muzika I Ti,9,87,,,,
1973,Belgium,Nicole and Hugo,"Baby, Baby",17,58,,,,
1973,Finland,Marion Rung,Tom Tom Tom,6,93,,,,
1973,France,Martine Clemenceau,Sans Toi,15,65,,,,
1973,Germany,Gitte,Junger Tag,8,85,,,,
1973,Ireland,Maxi,Do I Dream?,10,80,,,,
1973,Israel,Ilanit,Ey-sham,4,97,,,,
1973,Italy,Massimo Ranieri,Chi Sara Con Te,13,74,,,,
1973,Luxembourg,Anne-Marie David,Tu Te Reconnaitras,1,129,,,,
1973,Monaco,Marie,Un Train Qui Part,8,85,,,,
1973,Netherlands,Ben Cramer,De Oude Muzikant,14,69,,,,
1973,Norway,Bendik Singers,It's Just A Game,7,89,,,,
1973,Portugal,Fernando Tordo,Tourada,10,80,,,,
1973,Spain,Mocedades,Eres Tu,2,125,,,,
1973,Sweden,The Nova and The Dolls,You're Summer,5,94,,,,
1973,Switzerland,Patrick Juvet,"Je Me Vais Marier, Marie",12,79,,,,
1973,United Kingdom,Cliff Richard,Power To All Our Friends,3,123,,,,
1973,Yugoslavia,Zdravko Colic,Gori Vatra,15,65,,,,
1974,Belgium,Jacques Hustin,Fleur De Liberte,9,10,,,,
1974,Finland,Carita,Ala Mene Pois (keep Me Warm),13,4,,,,
1974,Germany,Cindy und Bert,Die Sommermelodie,14,3,,,,
1974,Greece,Marinella,"Krassi, Thalassa Ke T'agori Mou",11,7,,,,
1974,Ireland,Tina,Cross Your Heart,7,11,,,,
1974,Israel,Poogy,Natati La Khaiai,7,11,,,,
1974,Italy,Gigliola Cinquetti,Si,2,18,,,,
1974,Luxembourg,Ireen Sheer,"Bye, Bye, I Love You",4,14,,,,
1974,Monaco,Romuald,Celui Qui Reste Et Celui Qui S'en Va,4,14,,,,
1974,Netherlands,Mouth and MacNeal,I See A Star,3,15,,,,
1974,Norway,Anne-Karine Strom and the Bendik Singers,The First Day Of Love,14,3,,,,
1974,Portugal,Paulo de Carvalho,E Depois Do Adeus,14,3,,,,
1974,Spain,Peret,Canta Y Se Feliz,9,10,,,,
1974,Sweden,ABBA,Waterloo,1,24,,,,
1974,Switzerland,Piera Martell,Mein Ruf Nach Dir,14,3,,,,
1974,United Kingdom,Olivia Newton-John,Long Live Love,4,14,,,,
1974,Yugoslavia,Korni,Generacija 42,12,6,,,,
1975,Belgium,Ann Christy,Gelukkig Zijn,15,17,,,,
1975,Finland,Pihasoittajat,Old Man Fiddle,7,74,,,,
1975,France,Nicole Rieu,Et Bonjour a Toi L'artiste,4,91,,,,
1975,Germany,Joy Fleming,Ein Lied Kann Eine Brucke Sein,17,15,,,,
1975,Ireland,The Swarbriggs,That's What Friends Are For,9,68,,,,
1975,Israel,Shlomo Artzi,At Ve'ani,11,40,,,,
1975,Italy,Wess and Dori Ghezzi,Era,3,115,,,,
1975,Luxembourg,Geraldine,Toi,5,84,,,,
1975,Malta,Renato,Singing This Song,12,32,,,,
1975,Monaco,Sophie,Une Chanson C'est Une Lettre,13,22,,,,
1975,Netherlands,Teach-In,Ding-A-Dong,1,152,,,,
1975,Norway,Ellen Nikolaysen,You Touched My Life With Summer,18,11,,,,
1975,Portugal,Duarte Mendes,Madrugada,16,16,,,,
1975,Spain,Sergio y Estibaliz,Tu Volveras,10,53,,,,
1975,Sweden,Lars Berghagen and the Dolls,"Jennie, Jennie",8,72,,,,
1975,Switzerland,Simone Drexel,Mikado,6,77,,,,
1975,Turkey,Semiha Yanki,Seninle Bir Dakika,19,3,,,,
1975,United Kingdom,The Shadows,Let Me Be The One,2,138,,,,
1975,Yugoslavia,Pepel In Kri,Dan Ljubezni,13,22,,,,
1976,Austria,Waterloo and Robinson,My Little World,5,80,,,,
1976,Belgium,Pierre Rapsat,Judy Et Cie.,8,68,,,,
1976,Finland,Fredi and The Friends,Pump-pump,11,44,,,,
1976,France,Catherine Ferry,"Un, Deux, Trois",2,147,,,,
1976,Germany,Les Humphries Singers,"Sing, Sang, Song",15,12,,,,
1976,Greece,Mariza Koch,"Panaghia Mou, Panaghia Mou",13,20,,,,
1976,Ireland,Red Hurley,When,10,54,,,,
1976,Israel,"Chocolate, Menta, Mastik",Emor Shalom,6,77,,,,
1976,Italy,Romina and Al Bano,We'll Live It All Again,7,69,,,,
1976,Luxembourg,Jurgen Marcus,Chansons Pour Ceux Qui S'aiment,14,17,,,,
1976,Monaco,Mary Christy,"Toi, La Musique Et Moi",3,93,,,,
1976,Netherlands,Sandra Reemer,The Party's Over Now,9,56,,,,
1976,Norway,Anne-Karine Strom,Mata Hari,18,7,,,,
1976,Portugal,Carlos do Carmo,Uma Flor De Verde Pinho,12,24,,,,
1976,Spain,Braulio,Sobran Las Palabras,16,11,,,,
1976,Switzerland,"Peter, Sue and Marc","Djambo, Djambo",4,91,,,,
1976,United Kingdom,Brotherhood of Man,Save Your Kisses For Me,1,164,,,,
1976,Yugoslavia,Ambasadori,Ne Mogu Skriti Svoju Bol,17,10,,,,
1977,Austria,Schmetterlinge,Boom Boom Boomerang,17,11,,,,
1977,Belgium,Dream Express,"A Million In One, Two, Three",7,69,,,,
1977,Finland,Monica Aspelund,Lapponia,10,50,,,,
1977,France,Marie Myriam,L'oiseau Et L'enfant,1,136,,,,
1977,Germany,Silver Convention,Telegram,8,55,,,,
1977,Greece,"Pascalis, Marianna, Robert and Bessy",Mathema Solfege,5,92,,,,
1977,Ireland,The Swarbriggs Plus Two,It's Nice To Be In Love Again,3,119,,,,
1977,Israel,Ilanit,Ah-haa-vah Hee Shir Lish-naa-yim,11,49,,,,
1977,Italy,Mia Martini,Libera,13,33,,,,
1977,Luxembourg,Anne Marie B.,Frere Jacques,16,17,,,,
1977,Monaco,Michele Torr,Une Petite Francaise,4,96,,,,
1977,Netherlands,Heddy Lester,De Mallemolen,12,35,,,,
1977,Norway,Anita Skorgan,Casanova,14,18,,,,
1977,Portugal,Os Amigos,Portugal No Coracao,14,18,,,,
1977,Spain,Micky,Ensename A Cantar,9,52,,,,
1977,Sweden,Forbes,Beatles,18,2,,,,
1977,Switzerland,Pepe Lienhard Band,Swiss Lady,6,71,,,,
1977,United Kingdom,Lynsey de Paul and Mike Moran,Rock Bottom,2,121,,,,
1978,Austria,Springtime,Mrs. Caroline Robinson,15,14,,,,
1978,Belgium,Jean Vallee,L'amour ca Fait Chanter La Vie,2,125,,,,
1978,Denmark,Mabel,Boom Boom,16,13,,,,
1978,Finland,Seija Simola,Anna Rakkaudelle Tilaisuus,18,2,,,,
1978,France,Joel Prevost,Il Y Aura Toujours Des Violons,3,119,,,,
1978,Germany,Ireen Sheer,Feuer,6,84,,,,
1978,Greece,Tania Tsanaklidou,Charlie Chaplin,8,66,,,,
1978,Ireland,Colm T. Wilkinson,Born To Sing,5,86,,,,
1978,Israel,Izhar Cohen and the Alphabeta,Abanibi,1,157,,,,
1978,Italy,Ricchi e Poveri,Questo Amore,12,53,,,,
1978,Luxembourg,Baccara,Parlez-vous Francais?,7,73,,,,
1978,Monaco,Caline and Olivier Toussaint,Les Jardins De Monaco,4,107,,,,
1978,Netherlands,Harmony,'t Is Ok,13,37,,,,
1978,Norway,Jahn Teigen,Mil Etter Mil,20,0,,,,
1978,Portugal,Gemini,Dai-li-dou,17,5,,,,
1978,Spain,Jose Velez,Bailemos Un Vals,9,65,,,,
1978,Sweden,Bjorn Skifs,Det Blir Alltid Varre Framat Natten,14,26,,,,
1978,Switzerland,Carole Vinci,Vivre,9,65,,,,
1978,Turkey,Nazar,Sevince,18,2,,,,
1978,United Kingdom,Co-Co,The Bad Old Days,11,61,,,,
1979,Austria,Christina Simon,Heute In Jerusalem,18,5,,,,
1979,Belgium,Micha Marah,Hey Nana,18,5,,,,
1979,Denmark,Tommy Seebach,Disco Tango,6,76,,,,
1979,Finland,Katri-Helena,Katso Sineen Taivaan,14,38,,,,
1979,France,Anne-Marie David,Je Suis L'enfant-soleil,3,106,,,,
1979,Germany,Dschinghis Khan,Dschinghis Khan,4,86,,,,
1979,Greece,Elpida,Socrates,8,69,,,,
1979,Ireland,Cathal Dunne,Happy Man,5,80,,,,
1979,Israel,Milk and Honey,Hallelujah,1,125,,,,
1979,Italy,Matia Bazar,Raggio Di Luna,15,27,,,,
1979,Luxembourg,Jeane Manson,J'ai Deja Vu ca Dans Tes Yeux,13,44,,,,
1979,Monaco,Laurent Vaguener,"Notre Vie, C'est La Musique",16,12,,,,
1979,Netherlands,Xandra,Colorado,12,51,,,,
1979,Norway,Anita Skorgan,Oliver,11,57,,,,
1979,Portugal,Manuela Bravo,"Sobe, Sobe, Balao Sobe",9,64,,,,
1979,Spain,Betty Missiego,Su Cancion,2,116,,,,
1979,Sweden,Ted Gardestad,Satellit,17,8,,,,
1979,Switzerland,"Peter, Sue and Marc and Pfuri, Gorps and Kniri",Trodler Und Co.,10,60,,,,
1979,United Kingdom,Black Lace,Mary Ann,7,73,,,,
1980,Austria,Blue Danube,Du Bist Musik,8,64,,,,
1980,Belgium,Telex,Euro-vision,17,14,,,,
1980,Denmark,Bamses Venner,Taenker Altid Pa Dig,14,25,,,,
1980,Finland,Vesa-Matti Loiri,Huilumies,19,6,,,,
1980,France,Profil,"He, He M'sieurs Dames",11,45,,,,
1980,Germany,Katja Ebstein,Theater,2,128,,,,
1980,Greece,Anna Vissi and the Epikouri,Autostop,13,30,,,,
1980,Ireland,Johnny Logan,What's Another Year,1,143,,,,
1980,Italy,Alan Sorrenti,Non So Che Darei,6,87,,,,
1980,Luxembourg,Sophie and Magaly,Papa Pingouin,9,56,,,,
1980,Marocco,Samira Bensaid,Bitakat Hob,18,7,,,,
1980,Netherlands,Maggie MacNeal,Amsterdam,5,93,,,,
1980,Norway,Sverre Kjellsberg and Mattis Haetta,Samiid AEdnan,16,15,,,,
1980,Portugal,Jose Cid,"Um Grande, Grande Amor",7,71,,,,
1980,Spain,Trigo Limpio,Que Date Esta Noche,12,38,,,,
1980,Sweden,Tomas Ledin,Just Nu!,10,47,,,,
1980,Switzerland,Paola,Cinema,4,104,,,,
1980,Turkey,Ajda Pekkan,Petr'oil,15,23,,,,
1980,United Kingdom,Prima Donna,Love Enough For Two,3,106,,,,
1981,Austria,Marty Brem,Wenn Du Da Bist,17,20,,,,
1981,Belgium,Emly Starr,Samson,13,40,,,,
1981,Cyprus,Island,Monika,6,69,,,,
1981,Denmark,Debbie Cameron and Tommy Seebach,Kroller Eller Ej,11,41,,,,
1981,Finland,Riki Sorsa,Reggae O.k.,16,27,,,,
1981,France,Jean Gabilou,Humanahum,3,125,,,,
1981,Germany,Lena Valaitis,Johnny Blue,2,132,,,,
1981,Greece,Yiannis Dimitras,Feggari Kalokerino,8,55,,,,
1981,Ireland,Sheeba,Horoscopes,5,105,,,,
1981,Israel,Habibi,Halaylah,7,56,,,,
1981,Luxembourg,Jean-Claude Pascal,C'est Peut-etre Pas L'amerique,11,41,,,,
1981,Netherlands,Linda Williams,Het Is Een Wonder,9,51,,,,
1981,Norway,Finn Kalvik,Aldri I Livet,20,0,,,,
1981,Portugal,Carlos Paiao,Play-back,18,9,,,,
1981,Spain,Bacchelli,Y Solo Tu,14,38,,,,
1981,Sweden,Bjorn Skifs,Fangad I En Drom,10,50,,,,
1981,Switzerland,"Peter, Sue and Marc",Io Senza Tei,4,121,,,,
1981,Turkey,Modern Folk Trio and Aysegul,Donme Dolap,18,9,,,,
1981,United Kingdom,Bucks Fizz,Making Your Mind Up,1,136,,,,
1981,Yugoslavia,Seid-Memic Vajta,Leila,15,35,,,,
1982,Austria,Mess,Sonntag,9,57,,,,
1982,Belgium,Stella,Si Tu Aimes Ma Musique,4,96,,,,
1982,Cyprus,Anna Vissi,Mono I Agapi,5,85,,,,
1982,Denmark,Brixx,Video-video,17,5,,,,
1982,Finland,Kojo,Nuku Pommiin,18,0,,,,
1982,Germany,Nicole,Ein Bisschen Frieden,1,161,,,,
1982,Ireland,The Duskeys,"Here Today, Gone Tomorrow",11,49,,,,
1982,Israel,Avi Toledano,Hora,2,100,,,,
1982,Luxembourg,Svetlana,Cours Apres Le Temps,6,78,,,,
1982,Netherlands,Bill van Dijk,Jij En Ik,16,8,,,,
1982,Norway,Jahn Teigen and Anita Skorgan,Adieu,12,40,,,,
1982,Portugal,Doce,Bem-bom,13,32,,,,
1982,Spain,Lucia,El,10,52,,,,
1982,Sweden,Chips,Dag Efter Dag,8,67,,,,
1982,Switzerland,Arlette Zola,Amour On T'aime,3,97,,,,
1982,Turkey,Neco,Hani,15,20,,,,
1982,United Kingdom,Bardo,One Step Further,7,76,,,,
1982,Yugoslavia,Aska,Halo Halo,14,21,,,,
1983,Austria,Westend,Hurricane,9,53,,,,
1983,Belgium,Pas de Deux,Rendez-vous,18,13,,,,
1983,Cyprus,Stavros and Constantina,I Agapi Akoma Zi,16,26,,,,
1983,Denmark,Gry Johansen,Kloden Drejer,17,16,,,,
1983,Finland,Ami Aspelund,Fantasiaa,11,41,,,,
1983,France,Guy Bonnet,Vivre,8,56,,,,
1983,Germany,Hoffmann und Hoffmann,Rucksicht,5,94,,,,
1983,Greece,Christie,Mou Les,14,32,,,,
1983,Israel,Ofra Haza,Hi,2,136,,,,
1983,Italy,Riccardo Fogli,Per Lucia,11,41,,,,
1983,Luxembourg,Corinne Hermes,Si La Vie Est Cadeau,1,142,,,,
1983,Netherlands,Bernadette,Sing Me A Song,7,66,,,,
1983,Norway,Jahn Teigen,Do Re Mi,9,53,,,,
1983,Portugal,Armando Gama,Esta Balada Que Te Dou,13,33,,,,
1983,Spain,Remedios Amaya,?quien Maneja Mi Barca?,19,0,,,,
1983,Sweden,Carola Haggkvist,Framling,3,126,,,,
1983,Switzerland,Mariella Farre,Io Cosi Non Ci Sto,15,28,,,,
1983,Turkey,Cetin Alp and the Short Wave,Opera,19,0,,,,
1983,United Kingdom,Sweet Dreams,I'm Never Giving Up,6,79,,,,
1983,Yugoslavia,Danijel,Dzuli,4,125,,,,
1984,Austria,Anita,Einfach Weg,19,5,,,,
1984,Belgium,Jacques Zegers,Avanti La Vie,5,70,,,,
1984,Cyprus,Andy Paul,Anna Mari-elena,15,31,,,,
1984,Denmark,Hot Eyes,Det' Lige Det,4,101,,,,
1984,Finland,Kirka,Hengaillaan,9,46,,,,
1984,France,Annick Thoumazeau,Autant D'amoureux Que D'etoiles,8,61,,,,
1984,Germany,Mary Roos,Aufrecht Geh'n,13,34,,,,
1984,Ireland,Linda Martin,Terminal '3',2,137,,,,
1984,Italy,Alice and Battiato,I Treni Di Tozeur,5,70,,,,
1984,Luxembourg,Sophie Carle,100% D'amour,10,39,,,,
1984,Netherlands,Maribelle,Ik Hou Van Jou,13,34,,,,
1984,Norway,Dollie de Luxe,Lenge Leve Livet,17,29,,,,
1984,Portugal,Maria Guinot,Silencio E Tanta Gente,11,38,,,,
1984,Spain,Bravo,"Lady, Lady",3,106,,,,
1984,Sweden,Herrey's,Diggi-loo Diggy-ley,1,145,,,,
1984,Switzerland,Rainy Day,Welche Farbe Hat Der Sonnenschein,16,30,,,,
1984,Turkey,"Bes Yil Once, On Yil Sonra",Halay,12,37,,,,
1984,United Kingdom,Belle and the Devotions,Love Games,7,63,,,,
1984,Yugoslavia,Vlado and Isolda,Ciao Amore,18,26,,,,
1985,Austria,Gary Lux,Kinder Dieser Welt,8,60,,,,
1985,Belgium,Linda Lepomme,Laat Me Nu Gaan,19,7,,,,
1985,Cyprus,Lia Vissi,To Katalava Arga,16,15,,,,
1985,Denmark,Hot Eyes,Sku' Du Spor Fra No'n,11,41,,,,
1985,Finland,Sonja Lumme,Elakoon Elama,9,58,,,,
1985,France,Roger Bens,Femme Dans Ses Reves Aussi,10,56,,,,
1985,Germany,Wind,Fur Alle,2,105,,,,
1985,Greece,Takis Biniaris,Miazoume,16,15,,,,
1985,Ireland,Maria Christian,Wait Until The Weekend Comes,6,91,,,,
1985,Israel,Izhar Cohen,Ole Ole,5,93,,,,
1985,Italy,Al Bano and Romina Power,"Magic, Oh Magic",7,78,,,,
1985,Luxembourg,"Margo, Franck Olivier, Diane Solomon, Ireen Sheer, Malcolm Roberts,Chris Roberts","Children, Kinder, Enfants",13,37,,,,
1985,Norway,Bobbysocks,La Det Swinge,1,123,,,,
1985,Portugal,Adelaide,"Penso Em Ti, Eu Sei",18,9,,,,
1985,Spain,Paloma San Basilio,La Fiesta Termino,14,36,,,,
1985,Sweden,Kikki Danielsson,Bra Vibrationer,3,103,,,,
1985,Switzerland,Mariella Farre and Pino Gasparini,Piano Piano,12,39,,,,
1985,Turkey,MFO,Di Dai Di Dai Dai (a'sik Oldum),14,36,,,,
1985,United Kingdom,Vikki,Love Is...,4,100,,,,
1986,Austria,Timna Brauer,Die Zeit Ist Einsam,18,12,,,,
1986,Belgium,Sandra Kim,J'aime La Vie,1,176,,,,
1986,Cyprus,Elpida,Tora Zo,20,4,,,,
1986,Denmark,Lise Haavik and Trax,Du Er Fuld Af Logn,6,77,,,,
1986,Finland,Kari Kuivalainen,Paiva Kahden Ihmisen,15,22,,,,
1986,France,Cocktail Chic,Europeennes,17,13,,,,
1986,Germany,Ingrid Peters,Uber Die Brucke Geh'n,8,62,,,,
1986,Iceland,Icy,Gledibankinn,16,19,,,,
1986,Ireland,Luv Bug,You Can Count On Me,4,96,,,,
1986,Israel,Moti Galadi and Sarai Tzuriel,Yavoh Yom,19,7,,,,
1986,Luxembourg,Sherisse Laurence,L'amour De Ma Vie,3,117,,,,
1986,Netherlands,Frizzle Sizzle,Alles Heeft Ritme,13,40,,,,
1986,Norway,Ketil Stokkan,Romeo,12,44,,,,
1986,Portugal,Dora,Nao Sejas Mau Para Mim,14,28,,,,
1986,Spain,Cadillac,Valentino,10,51,,,,
1986,Sweden,Lasse Holm and Monica Tornell,E' De' Det Har Du Kallar Karlek,5,78,,,,
1986,Switzerland,Daniela Simons,Pas Pour Moi,2,140,,,,
1986,Turkey,Klips ve Onlar,Halley,9,53,,,,
1986,United Kingdom,Ryder,Runner In The Night,7,72,,,,
1986,Yugoslavia,Doris Dragovic,Zeljo Moja,11,49,,,,
1987,Austria,Gary Lux,Nur Noch Gefuhl,20,8,,,,
1987,Belgium,Liliane Saint-Pierre,Soldiers Of Love,11,56,,,,
1987,Cyprus,Alexia,Aspro Mavro,7,80,,,,
1987,Denmark,Anne-Catherine Herdorf and Bandjo,En Lille Melodi,5,83,,,,
1987,Finland,Vicky Rosti,Sata Salamaa,15,32,,,,
1987,France,Christine Minier,Les Mots D'amour N'ont Pas De Dimanche,14,44,,,,
1987,Germany,Wind,Lass Die Sonne In Dein Herz,2,141,,,,
1987,Greece,Bang,Stop!,10,64,,,,
1987,Iceland,Halla Margaret,Haegt Og Hljott,16,28,,,,
1987,Ireland,Johnny Logan,Hold Me Now,1,172,,,,
1987,Israel,Datner and Kushnir,Shir Habatlanim,8,73,,,,
1987,Italy,Umberto Tozzi and Raf,Gente Di Mare,3,103,,,,
1987,Luxembourg,Plastic Bertrand,Amour Amour,21,4,,,,
1987,Netherlands,Marcha,Rechtop In De Wind,5,83,,,,
1987,Norway,Kate Gulbrandsen,Mitt Liv,9,65,,,,
1987,Portugal,Nevada,Neste Barco a Vela,18,15,,,,
1987,Spain,Patricia Kraus,No Estas Solo,19,10,,,,
1987,Sweden,Lotta Engberg,Boogaloo,12,50,,,,
1987,Switzerland,Carole Rich,Moitie Moitie,17,26,,,,
1987,Turkey,Seyyal Tanner and Lokomotif,Sarkim Sevgi ustune,22,0,,,,
1987,United Kingdom,Rikki,Only The Light,13,47,,,,
1987,Yugoslavia,Novi Fosili,Ja Sam Za Ples,4,92,,,,
1988,Austria,Wilfried,Lisa Mona Lisa,21,0,,,,
1988,Belgium,Reynaert,Laissez Briller Le Soleil,18,5,,,,
1988,Denmark,Hot Eyes,Ka' Du Se Hva' Jeg Sa',3,92,,,,
1988,Finland,Boulevard,Nauravat Silmat Muistetaan,20,3,,,,
1988,France,Gerard Lenorman,Chanteur De Charme,10,64,,,,
1988,Germany,Maxi and Chris Garden,Lied Fur Einen Freund,14,48,,,,
1988,Greece,Aphroditi Fryda,Kloun,17,10,,,,
1988,Iceland,Beathoven,Sokrates,16,20,,,,
1988,Ireland,Jump the Gun,Take Him Home,8,79,,,,
1988,Israel,Yardena Arazi,Ben Adam,7,85,,,,
1988,Italy,Luca Barbarossa,Ti Scrivo,12,52,,,,
1988,Luxembourg,Lara Fabian,Croire,4,90,,,,
1988,Netherlands,Gerard Joling,Shangri-la,9,70,,,,
1988,Norway,Karoline Kruger,For Var Jord,5,88,,,,
1988,Portugal,Dora,Voltarei,18,5,,,,
1988,Spain,La Decada,La Chica Que Yo Quiero (made In Spain),11,58,,,,
1988,Sweden,Tommy Korberg,Stad I Ljus,12,52,,,,
1988,Switzerland,Celine Dion,Ne Partez Pas Sans Moi,1,137,,,,
1988,Turkey,MFO,Sufi (hey Ya Hey),15,37,,,,
1988,United Kingdom,Scott Fitzgerald,Go,2,136,,,,
1988,Yugoslavia,Srebrna Krila,Mangup,6,87,,,,
1989,Austria,Thomas Forstner,Nur Ein Lied,5,97,,,,
1989,Belgium,Ingeborg,Door De Wind,19,13,,,,
1989,Cyprus,Fanny Polymeri and Yiannis Savvidakis,Apopse As Vrethoume,11,51,,,,
1989,Denmark,Birthe Kjaer,Vi Maler Byen Rod,3,111,,,,
1989,Finland,Anneli Saaristo,La Dolce Vita,7,76,,,,
1989,France,Nathalie Paque,J'ai Vole La Vie,8,60,,,,
1989,Germany,Nino de Angelo,Flieger,14,46,,,,
1989,Greece,Marianna,To Diko Sou Asteri,9,56,,,,
1989,Iceland,Daniel August Haraldsson,Thad Sem Enginn Ser,22,0,,,,
1989,Ireland,Kiev Connolly and the Missing Passengers,The Real Me,18,21,,,,
1989,Israel,Gili ve Galit,Derech Ha'melech,12,50,,,,
1989,Italy,Anna Oxa and Fausto Leali,Avrei Voluto,9,56,,,,
1989,Luxembourg,Park Cafe,Monsieur,20,8,,,,
1989,Netherlands,Justine Pelmelay,Blijf Zoals Je Bent,15,45,,,,
1989,Norway,Britt Synnove Johansen,Venners Naerhet,17,30,,,,
1989,Portugal,Da Vinci,Conquistador,16,39,,,,
1989,Spain,Nina,Nacida Para Amar,6,88,,,,
1989,Sweden,Tommy Nilsson,En Dag,4,110,,,,
1989,Switzerland,Furbaz,Viver Senza Tei,13,47,,,,
1989,Turkey,Pan,Bana Bana,21,5,,,,
1989,United Kingdom,Live Report,Why Do I Always Get It Wrong,2,130,,,,
1989,Yugoslavia,Riva,Rock Me,1,137,,,,
1990,Austria,Simone,Keine Mauern Mehr,10,58,,,,
1990,Belgium,Philippe Lafontaine,Macedomienne,12,46,,,,
1990,Cyprus,Haris Anastasiou,Milas Poli,14,36,,,,
1990,Denmark,Lonnie Devantier,Hallo Hallo,8,64,,,,
1990,Finland,Beat,Fri?,21,8,,,,
1990,France,Joelle Ursull,White And Black Blues,2,132,,,,
1990,Germany,Chris Kempers and Daniel Kovac,Frei Zu Leben,9,60,,,,
1990,Greece,Christos Callow and Wave,Horis Skopo,19,11,,,,
1990,Iceland,Stjornin,Eitt Lag Enn,4,124,,,,
1990,Ireland,Liam Reilly,Somewhere In Europe,2,132,,,,
1990,Israel,Rita,Shara Barechovot,18,16,,,,
1990,Italy,Toto Cutugno,Insieme: 1992,1,149,,,,
1990,Luxembourg,Celine Carzo,Quand Je Te Reve,13,38,,,,
1990,Netherlands,Maywood,Ik Wil Alles Met Je Delen,15,25,,,,
1990,Norway,Ketil Stokkan,Brandenburger Tor,21,8,,,,
1990,Portugal,Nucha,Ha Sempre Alguem,20,9,,,,
1990,Spain,Azucar Moreno,Bandido,5,96,,,,
1990,Sweden,Edin-Adahl,Som En Vind,16,24,,,,
1990,Switzerland,Egon Egemann,Musik Klingt In Die Welt Hinaus,11,51,,,,
1990,Turkey,Kayahan,Gozlerinin Hapsindeyim,17,21,,,,
1990,United Kingdom,Emma,Give A Little Love Back To The World,6,87,,,,
1990,Yugoslavia,Tajci,Hajde Da Ludujemo,7,81,,,,
1991,Austria,Thomas Forstner,Venedig Im Regen,22,0,,,,
1991,Belgium,Clouseau,Geef Het Op,16,23,,,,
1991,Cyprus,Elena Patroclou,S.o.s.,9,60,,,,
1991,Denmark,Anders Frandsen,Lige Der Hvor Hjertet Slar,19,8,,,,
1991,Finland,Kaija,Hullu Yo,20,6,,,,
1991,France,Amina,C'est Le Dernier Qui A Parle Qui A Raison,2,146,,,,
1991,Germany,Atlantis 2000,Dieser Traum Darf Niemals Sterben,18,10,,,,
1991,Greece,Sofia Vossou,I Anixi,13,36,,,,
1991,Iceland,Stefan and Eyfi,Nina,15,26,,,,
1991,Ireland,Kim Jackson,Could It Be That I'm In Love,10,47,,,,
1991,Israel,Duo Datz,Kan,3,139,,,,
1991,Italy,Peppino di Capri,Comme E' Ddoce 'o Mare,7,89,,,,
1991,Luxembourg,Sarah Bray,Un Baiser Vole,14,29,,,,
1991,Malta,Paul Giordimaina and Georgina,Could It Be,6,106,,,,
1991,Norway,Just 4 Fun,Mrs. Thompson,17,14,,,,
1991,Portugal,Dulce,Lusitana Paixao,8,62,,,,
1991,Spain,Sergio Dalma,Bailar Pegados,4,119,,,,
1991,Sweden,Carola,Fangad Av En Stormvind,1,146,,,,
1991,Switzerland,Sandra Simo,Canzone Per Te,5,118,,,,
1991,Turkey,"Izel Celikoz, Rayhan Soykarci and Can Ugurluer",Iki Dakika,12,44,,,,
1991,United Kingdom,Samantha Janus,A Message To Your Heart,10,47,,,,
1991,Yugoslavia,Baby Doll,Brazil,21,1,,,,
1992,Austria,Tony Wegas,Zusammen Geh'n,10,63,,,,
1992,Belgium,Morgane,Nous On Veut Des Violons,20,11,,,,
1992,Cyprus,Evridiki,Teriazoume,11,57,,,,
1992,Denmark,Lotte Nilsson and Kenny Lubcke,Alt Det Som Ingen Ser,12,47,,,,
1992,Finland,Pave,Yamma Yamma,23,4,,,,
1992,France,Kali,Monte La Rivie,8,73,,,,
1992,Germany,Wind,Traume Sind Fur Alle Da,16,27,,,,
1992,Greece,Cleopatra,Olou Tou Kosmou I Elpida,5,94,,,,
1992,Iceland,Heart 2 Heart,Nei Eda Ja,7,80,,,,
1992,Ireland,Linda Martin,Why Me,1,155,,,,
1992,Israel,Dafna,Ze Rak Sport,6,85,,,,
1992,Italy,Mia Martini,Rapsodia,4,111,,,,
1992,Luxembourg,Marion Welter and Kontinent,Sou Frai,21,10,,,,
1992,Malta,Mary Spiteri,Little Child,3,123,,,,
1992,Netherlands,Humphrey Campbell,Wijs Me De Weg,9,67,,,,
1992,Norway,Merethe Troan,Visjoner,18,23,,,,
1992,Portugal,Dina,Amor D'agua Fresca,17,26,,,,
1992,Spain,Serafin,Todo Esto Es La Musica,14,37,,,,
1992,Sweden,Christer Bjorkmann,I Morgon ar En Annan Dag,22,9,,,,
1992,Switzerland,Daisy Auvray,Mister Music Man,15,32,,,,
1992,Turkey,Aylin Vatankos,Yaz Bitti,19,17,,,,
1992,United Kingdom,Michael Ball,One Step Out Of Time,2,139,,,,
1992,Yugoslavia,Extra Nena,Ljubim Te Pesmama,13,44,,,,
1993,Austria,Tony Wegas,Maria Magdalena,14,32,,,,
1993,Belgium,Barbara,Iemand Als Jij,25,3,,,,
1993,Bosnia & Herzegovina,Fazla,Sva Bol Svijeta,16,27,,,,
1993,Croatia,Put,Don't Ever Cry,15,31,,,,
1993,Cyprus,Kyriakos Zymboulakis and Demos Van Beke,Mi Stamatas,19,17,,,,
1993,Denmark,Tommy Seebach Band,Under Stjernerne Pa Himlen,22,9,,,,
1993,Finland,Katri-Helena,Tule Luo,17,20,,,,
1993,France,Patrick Fiori,Mama Corsica,4,121,,,,
1993,Germany,Munchener Freiheit,Viel Zu Weit,18,18,,,,
1993,Greece,Katerina Garbi,"Ellada, Hora Tou Fotos",9,64,,,,
1993,Iceland,Inga,Tha Veistu Svarid,13,42,,,,
1993,Ireland,Niamh Kavanagh,In Your Eyes,1,187,,,,
1993,Israel,Lakahat Shiru,Shiru,24,4,,,,
1993,Italy,Enrico Ruggeri,Sole D'europa,12,45,,,,
1993,Luxembourg,Modern Times,Donne-moi Une Chance,20,11,,,,
1993,Malta,William Mangion,This Time,8,69,,,,
1993,Netherlands,Ruth Jacott,Vrede,6,92,,,,
1993,Norway,Silje Vige,Alle Mine Tankar,5,120,,,,
1993,Portugal,Anabela,A Cidade Ate Ser Dia,10,60,,,,
1993,Slovenia,1X Band,Tih Dezeven Dan,22,9,,,,
1993,Spain,Eva Santamaria,Hombres,11,58,,,,
1993,Sweden,Arvingarna,Eloise,7,89,,,,
1993,Switzerland,Annie Cotton,"Moi, Tout Simplement",3,148,,,,
1993,Turkey,"Burak Aydos, Ozturk Baybora & Serter",Esmer Yarim,21,10,,,,
1993,United Kingdom,Sonia,Better The Devil You Know,2,164,,,,
1994,Austria,Petra Frey,Fur Den Frieden Der Welt,17,19,,,,
1994,Bosnia & Herzegovina,Alma and Dejan,Ostani Kraj Mene,15,39,,,,
1994,Croatia,Tony Cetinski,Nek'ti Bude Ljubav Sva,16,27,,,,
1994,Cyprus,Evridiki,Ime Anthropos Ke Ego,11,51,,,,
1994,Estonia,Silvi Vrait,Nagu Merelaine,24,2,,,,
1994,Finland,CatCat,Bye Bye Baby,22,11,,,,
1994,France,Nina Morato,Je Suis Un Vrai Garcon,7,74,,,,
1994,Germany,MeKaDo,Wir Geben 'ne Party,3,128,,,,
1994,Greece,Costas Bigalis and the Sea Lovers,To Trehantiri (diri Diri),14,44,,,,
1994,Hungary,Friderika Bayer,Kinek Mondjam El Vetkeimet,4,122,,,,
1994,Iceland,Sigga,Naetur,12,49,,,,
1994,Ireland,Paul Harrington and Charlie McGettigan,Rock 'n' Roll Kids,1,226,,,,
1994,Lithuania,Ovidijus Vysniauskas,Lopsine Mylimai,25,0,,,,
1994,Malta,Moira Stafrace and Christopher Scicluna,More Than Love,5,97,,,,
1994,Netherlands,Willeke Alberti,Waar Is De Zon,23,4,,,,
1994,Norway,Elisabeth Andreasson and Jan Werner Danielsen,Duett,6,76,,,,
1994,Poland,Edyta Gorniak,To Nie Ja!,2,166,,,,
1994,Portugal,Sara Tavares,Chamar A Musica,8,73,,,,
1994,Romania,Dan Bittman,Dincolo De Nori,21,14,,,,
1994,Russia,Youddiph,Vechni Stranik,9,70,,,,
1994,Slovakia,Martin Durinda and Tublatanka,Nekovecna Piesen,19,15,,,,
1994,Spain,Alejandro Abad,Ella No Es Ella,18,17,,,,
1994,Sweden,Marie Bergman and Roger Pontare,Stjarnorna,13,48,,,,
1994,Switzerland,Duilio,Sto Pregando,19,15,,,,
1994,United Kingdom,Frances Ruffelle,We Will Be Free (lonely Symphony),10,63,,,,
1995,Austria,Stella Jones,Die Welt Dreht Sich Verkehrt,13,67,,,,
1995,Belgium,Frederic Etherlinck,La Voix Est Libre,20,8,,,,
1995,Bosnia & Herzegovina,Davor Popovic,Dvadeset I Prvi Vijek,19,14,,,,
1995,Croatia,Magazin and Lidija,Nostalgija,6,91,,,,
1995,Cyprus,Alexandros Panayi,Sti Fotia,9,79,,,,
1995,Denmark,Aud Wilken,Fra Mols Til Skagen,5,92,,,,
1995,France,Nathalie Santamaria,Il Me Donne Rendez-vous,4,94,,,,
1995,Germany,Stone and Stone,Verliebt In Dich,23,1,,,,
1995,Greece,Elina Constantopoulou,Pia Prossefchi,12,68,,,,
1995,Hungary,Czaba Szigeti,Uj Nev Egy Regi Haz Falan,22,3,,,,
1995,Iceland,Bo Halldorsson,Nuna,15,31,,,,
1995,Ireland,Eddie Friel,Dreamin',14,44,,,,
1995,Israel,Liora,Amen,8,81,,,,
1995,Malta,Mike Spiteri,Keep Me In Mind,10,76,,,,
1995,Norway,Secret Garden,Nocturne,1,148,,,,
1995,Poland,Justyna,Sama,18,15,,,,
1995,Portugal,To Cruz,Baunilha E Chocolate,21,5,,,,
1995,Russia,Philipp Kirkorov,Kolybelnaya Dlya Vulkana,17,17,,,,
1995,Slovenia,Darja Svajger,Prisluhni Mi,7,84,,,,
1995,Spain,Anabel Conde,Vuelve Conmigo,2,119,,,,
1995,Sweden,Jan Johansen,Se Pa Mej,3,100,,,,
1995,Turkey,Arzu Ece,Sev!,16,21,,,,
1995,United Kingdom,Love City Groove,Love City Groove,10,76,,,,
1996,Austria,George Nussbaumer,Weil's Dr Guat Got,10,68,,,,
1996,Belgium,Lisa del Bo,Liefde Is Een Kaartspel,16,22,,,,
1996,Bosnia & Herzegovina,Amila Glamocak,Za Nasu Ljubav,22,13,,,,
1996,Croatia,Maja Blagdan,Sveta Ljubav,4,98,,,,
1996,Cyprus,Constantinos,Mono Gia Mas,9,72,,,,
1996,Estonia,Ivo Linna and Maarja-Liis Ilus,Kaelakee Haal,5,94,,,,
1996,Finland,Jasmine,Niin Kaunis On Taivas,23,9,,,,
1996,France,Dan Ar Braz et l'Heritage des Celtes,Diwanit Bugale,19,18,,,,
1996,Greece,Marianna Efstratiou,Emis Forame To Himona Anixiatika,14,36,,,,
1996,Iceland,Anna Mjoll,Sjubidu,13,51,,,,
1996,Ireland,Eimear Quinn,The Voice,1,162,,,,
1996,Malta,Miriam Christine,In A Woman's Heart,10,68,,,,
1996,Netherlands,Maxine and Franklin Brown,De Eerste Keer,7,78,,,,
1996,Norway,Elisabeth Andreasson,I Evighet,2,114,,,,
1996,Poland,Kasia Kowalska,Chce Znac Swoj Grzech,15,31,,,,
1996,Portugal,Lucia Moniz,O Meu Coracao Nao Tem Cor,6,92,,,,
1996,Slovakia,Marcel Palonder,Kym Nas Mas,18,19,,,,
1996,Slovenia,Regina,Dan najlepsih sanj,21,16,,,,
1996,Spain,Antonio Carbonell,"!ay, Que Deseo!",20,17,,,,
1996,Sweden,One More Time,Den Vilda,3,100,,,,
1996,Switzerland,Cathy Leander,Mon Coeur L'aime,16,22,,,,
1996,Turkey,Sebnem Paker,Besinci Mevsim,12,57,,,,
1996,United Kingdom,Gina G,Just A Little Bit,8,77,,,,
1997,Austria,Bettina Soriat,One Step,21,12,,,,
1997,Bosnia & Herzegovina,Alma Cardzic,Goodbye,18,22,,,,
1997,Croatia,ENI,Probudi Me,17,24,,,,
1997,Cyprus,Chara and Andreas Konstantinou,Mana Mou,5,98,,,,
1997,Denmark,Kolig Kaj,Stemmen I Mit Liv,16,25,,,,
1997,Estonia,Maarja-Liis Ilus,Keelatud Maa,8,82,,,,
1997,France,Fanny,Sentiments Songes,7,95,,,,
1997,Germany,Bianca Shomburg,Zeit,18,22,,,,
1997,Greece,Marianna Zorba,Horepse,12,39,,,,
1997,Hungary,VIP,"Miert Kell, Hogy Elmenj?",12,39,,,,
1997,Iceland,Paul Oscar,Minn Hinsti Dans,20,18,,,,
1997,Ireland,Marc Roberts,Mysterious Woman,2,157,,,,
1997,Italy,Jalisse,Fiumi Di Parole,4,114,,,,
1997,Malta,Debbie Scerri,Let Me Fly,9,66,,,,
1997,Netherlands,Mrs. Einstein,Niemand Heeft Nog Tijd,22,5,,,,
1997,Norway,Tor Endresen,San Francisco,24,0,,,,
1997,Poland,Anna Maria Jopek,Ale Jestem,11,54,,,,
1997,Portugal,Celia Lawson,Antes Do Adeus,24,0,,,,
1997,Russia,Alla Pugachova,Primadonna,15,33,,,,
1997,Slovenia,Tanja Ribic,Zbudi Se,10,60,,,,
1997,Spain,Marcos Llunas,Sin Rencor,6,96,,,,
1997,Sweden,Blond,Bara Hon alskar Mig,14,36,,,,
1997,Switzerland,Barbara Berta,Dentro Di Me,22,5,,,,
1997,Turkey,Sebnem Paker and Group Etnic,Dinle,3,121,,,,
1997,United Kingdom,Katrina and The Waves,Love Shine A Light,1,227,,,,
1998,Belgium,Melanie Cohl,Dis Oui,6,122,,,,
1998,Croatia,Danijela,Neka Mi Ne Svane,5,131,,,,
1998,Cyprus,Michael Hajiyanni,Genesis,11,37,,,,
1998,Estonia,Koit Toome,Mere Lapsed,12,36,,,,
1998,Finland,Edea,Aava,15,22,,,,
1998,France,Marie-Line,Ou Aller,24,3,,,,
1998,Germany,Guildo Horn,Guildo Hat Euch Lieb,7,86,,,,
1998,Greece,Dionysia and Thalassa group,Mia Krifi Evaisthissia,20,12,,,,
1998,Hungary,Charlie,A Holnap Mar Nem Lesz Szomoru,23,4,,,,
1998,Ireland,Dawn,Is Always Over Now?,9,64,,,,
1998,Israel,Dana International,Diva,1,172,,,,
1998,Malta,Chiara,The One That I Love,3,165,,,,
1998,Netherlands,Edsilia Rombley,Hemel En Aarde,4,150,,,,
1998,North Macedonia,Vlado Janevski,"Ne Zori, Zoro",19,16,,,,
1998,Norway,Lars A. Fredriksen,Alltid Sommer,8,79,,,,
1998,Poland,Sixteen,To Takie Proste,17,19,,,,
1998,Portugal,Alma Lusa,Se Eu Te Pudesse Abracar,12,36,,,,
1998,Romania,Malina Olinescu,Eu Cred,22,6,,,,
1998,Slovakia,Katarina Hasprova,Modlitba,21,8,,,,
1998,Slovenia,Vili Resnik,Naj Bogovi Slisijo,18,17,,,,
1998,Spain,Mikel Herzog,?Que Voy A Hacer Sin Ti?,16,21,,,,
1998,Sweden,Jill Johnson,Karleken ar,10,53,,,,
1998,Switzerland,Gunvor,Lass Ihn,25,0,,,,
1998,Turkey,Tuzmen,Unutamazsin,14,25,,,,
1998,United Kingdom,Imaani,Where Are You?,2,166,,,,
1999,Austria,Bobbie Singer,Reflection,10,65,,,,
1999,Belgium,Venessa Chinitor,Like The Wind,12,38,,,,
1999,Bosnia & Herzegovina,Dino and Beatrice,Putnici,7,86,,,,
1999,Croatia,Doris Dragovic,Marija Magdalena,4,118,,,,
1999,Cyprus,Marlain Angelidou,Tha'nai Erotas,22,2,,,,
1999,Denmark,Trine Jepsen & Michael Teschl,This Time (i Mean It),8,71,,,,
1999,Estonia,Evelin Samuel and Camille,Diamond Of Night,6,90,,,,
1999,France,Nayah,Je Veux Donner Ma Voix,19,14,,,,
1999,Germany,Surpriz,Reise Nach Jerusalem - Kudus'e Seyahat,3,140,,,,
1999,Iceland,Selma Bjornsdottir,All Out Of Luck,2,146,,,,
1999,Ireland,The Mullan's,When You Need Me,17,18,,,,
1999,Israel,Eden,Yom Huledeth,5,93,,,,
1999,Lithuania,Aiste Smilgeviciute,Strazdas,20,13,,,,
1999,Malta,Times 3,Believe 'n Peace,15,32,,,,
1999,Netherlands,Marlayne,One Good Reason,8,71,,,,
1999,Norway,Stig Andre Van Eijk,Living My Life Without You,14,35,,,,
1999,Poland,Mietek (Mieczyslaw) Szczesniak,Przytul Mnie Mocno,18,17,,,,
1999,Portugal,Rui Bandeira,Como Tudo Comecou,21,12,,,,
1999,Slovenia,Darja Svajger,For A Thousand Years,11,50,,,,
1999,Spain,Lydia,No Quiero Escuchar,23,1,,,,
1999,Sweden,Charlotte Nilsson,Take Me To Your Heaven,1,163,,,,
1999,Turkey,Tuba Onal & Grup Mystik,Don Artik,16,21,,,,
1999,United Kingdom,Precious,Say It Again,12,38,,,,
2000,Austria,The rounder girls,All To You,14,34,,,,
2000,Belgium,Nathalie Sorce,Envie De Vivre,24,2,,,,
2000,Croatia,Goran Karan,Kada Zaspu Andeli,9,70,,,,
2000,Cyprus,Voice,Nomiza,21,8,,,,
2000,Denmark,Olsen brothers,Fly On The Wings Of Love,1,195,,,,
2000,Estonia,Ines,Once In A Lifetime,4,98,,,,
2000,Finland,Nina Astrom,A Little Bit,18,18,,,,
2000,France,Sofia Mestari,On Aura Le Ciel,23,5,,,,
2000,Germany,Stefan Raab,Wadde Hadde Dudde Da,5,96,,,,
2000,Iceland,Einer August Vidisson en Telma Augustdottir,Tell Me!,12,45,,,,
2000,Ireland,Eamonn Toal,Millennium Of Love,6,92,,,,
2000,Israel,Ping Pong,Sa'me'akh,22,7,,,,
2000,Latvia,BrainStorm,My Star,3,136,,,,
2000,Malta,Claudette Pace,Desire,8,73,,,,
2000,Netherlands,Linda Wagenmakers,No Goodbyes,13,40,,,,
2000,North Macedonia,XXL,100% Te Ljubam,15,29,,,,
2000,Norway,Charmed,My Heart Goes Boom,11,57,,,,
2000,Romania,Taxi,The Moon,17,25,,,,
2000,Russia,Alsou,Solo,2,155,,,,
2000,Spain,Serafin Zubiri,Colgado De Un Sueno,18,18,,,,
2000,Sweden,Roger Pontare,When Spirits Are Calling My Name,7,88,,,,
2000,Switzerland,Jane Bogaert,La Vita Cos'e?,20,14,,,,
2000,Turkey,Pinar Ayhan & S.O.S. band,Yorgunum Anla,10,59,,,,
2000,United Kingdom,Nicki French,Don't Play That Song Again,16,28,,,,
2001,Bosnia & Herzegovina,Nino,Hano,14,29,,,,
2001,Croatia,Vanna,Strings Of My Heart,10,42,,,,
2001,Denmark,Rollo & King,Never Ever Let You Go,2,177,,,,
2001,Estonia,"Tanel Padar, Dave Benton & 2XL",Everybody,1,198,,,,
2001,France,Natasha Saint-Pier,Je N'ai Que Mon ame,4,142,,,,
2001,Germany,Michelle,Wer Liebe Lebt,8,66,,,,
2001,Greece,Antique,Die For You,3,147,,,,
2001,Iceland,TwoTricky,Angel,22,3,,,,
2001,Ireland,Gary O'Shaughnessy,Without Your Love,21,6,,,,
2001,Israel,Tal Sondak,Ein Davar,16,25,,,,
2001,Latvia,Arnis Mednis,Too Much,18,16,,,,
2001,Lithuania,Skamp,You Got Style,13,35,,,,
2001,Malta,Fabrizio Faniello,Another Summer Night,9,48,,,,
2001,Netherlands,Michelle,Out On My Own,18,16,,,,
2001,Norway,Haldor Laegreid,On My Own,22,3,,,,
2001,Poland,Piasek,2 Long,20,11,,,,
2001,Portugal,MTM,So Sei Ser Feliz Assim,17,18,,,,
2001,Russia,Mumiy troll,Lady Alpine Blue,12,37,,,,
2001,Slovenia,Nusa Derenda,Energy,7,70,,,,
2001,Spain,David Civera,Dile Que La Quiero,6,76,,,,
2001,Sweden,Friends,Listen To Your Heartbeat,5,100,,,,
2001,Turkey,Sedat Yuce,Sevgiliye Son,11,41,,,,
2001,United Kingdom,Lindsay D.,No Dream Impossible,15,28,,,,
2002,Austria,Manuel Ortega,Say A Word,18,26,,,,
2002,Belgium,Sergio & the Ladies,Sister,13,33,,,,
2002,Bosnia & Herzegovina,Maja,Na Jastuku Za Dvoje,13,33,,,,
2002,Croatia,Vesna Pisarovic,Everything I Want,11,44,,,,
2002,Cyprus,One,Gimme,6,85,,,,
2002,Denmark,Malene,Tell Me Who You Are,24,7,,,,
2002,Estonia,Sahlene,Runaway,3,111,,,,
2002,Finland,Laura,Addicted To You,20,24,,,,
2002,France,Sandrine Francois,Il Faut Du Temps,5,104,,,,
2002,Germany,Corinna May,I Can't Live Without Music,21,17,,,,
2002,Greece,Michalis Rakintzis,S.A.G.A.P.O.,17,27,,,,
2002,Israel,Sarit Hadad,Light A Candle,12,37,,,,
2002,Latvia,Marie N,I Wanna,1,176,,,,
2002,Lithuania,Aivaras,Happy You,23,12,,,,
2002,Malta,Ira Losco,7th Wonder,2,164,,,,
2002,North Macedonia,Karolina,Od Nas Zavisi,19,25,,,,
2002,Romania,Monica Anghel & Marcel Pavel,Tell Me Why,9,71,,,,
2002,Russia,Prime minister,Northern Girl,10,55,,,,
2002,Slovenia,Sestre,Samo Ljubezen,13,33,,,,
2002,Spain,Rosa,Europe's Living A Celebration,7,81,,,,
2002,Sweden,Afro-dite,Never Let It Go,8,72,,,,
2002,Switzerland,Francine Jordi,Dans Le Jardin De Mon Ame,22,15,,,,
2002,Turkey,Buket Bengisu & Saphire,Leylaklar Soldu Kalbinde,16,29,,,,
2002,United Kingdom,Jessica Garlick,Come Back,3,111,,,,
2003,Austria,Alf Poier,Weil Der Mensch Zahlt,6,101,,,,
2003,Belgium,Urban Trad,Sanomi,2,165,,,,
2003,Bosnia & Herzegovina,Mija Martina,Ne Brini,16,27,,,,
2003,Croatia,Claudia Beni,Vise Nisam Tvoja,15,29,,,,
2003,Cyprus,Stelios Constantas,Feeling Alive,20,15,,,,
2003,Estonia,Ruffus,Eighties Coming Back,21,14,,,,
2003,France,Louisa Baileche,Monts Et Merveilles,18,19,,,,
2003,Germany,Lou,Let's Get Happy,11,53,,,,
2003,Greece,Mando,Never Let You Go,17,25,,,,
2003,Iceland,Birgitta,Open Your Heart,8,81,,,,
2003,Ireland,Mickey Harte,We've Got The World,11,53,,,,
2003,Israel,Lior Narkis,Words For Love,19,17,,,,
2003,Latvia,F.L.Y.,Hello From Mars,24,5,,,,
2003,Malta,Lynn Chirchop,To Dream Again,25,4,,,,
2003,Netherlands,Esther Hart,One More Night,13,45,,,,
2003,Norway,Jostein Hasselgard,I'm Not Afraid To Move On,4,123,,,,
2003,Poland,Ich Troje,Keine Grenzen - Zadnych Granic,7,90,,,,
2003,Portugal,Rita Guerra,Deixa-me Sonhar,22,13,,,,
2003,Romania,Nicola,Don't Break My Heart,10,73,,,,
2003,Russia,t.A.T.u.,"Ne Ver', Ne Boisia",3,164,,,,
2003,Slovenia,Karmen,Nanana,23,7,,,,
2003,Spain,Beth,Dime,8,81,,,,
2003,Sweden,Fame,Give Me Your Love,5,107,,,,
2003,Turkey,Sertab Erener,Everyway That I Can,1,167,,,,
2003,Ukraine,Olexandr,Hasta La Vista,14,30,,,,
2003,United Kingdom,Jemini,Cry Baby,26,0,,,,
2004,Albania,Anjeza Shahini,The Image Of You,7,106,4,167,,
2004,Andorra,Marta Roure,Jugarem A Estimar-nos,,,18,12,,
2004,Austria,Tie Break,Du Bist,21,9,,,,
2004,Belarus,Aleksandra & Konstantin,My Galileo,,,19,10,,
2004,Belgium,Xandee,1 Life,22,7,,,,
2004,Bosnia & Herzegovina,Deen,In The Disco,9,91,7,133,,
2004,Croatia,Ivan Mikulic,You Are The Only One,12,50,9,72,,
2004,Cyprus,Lisa Andreas,Stronger Every Minute,5,170,5,149,,
2004,Denmark,Tomas Thordarson,Shame On You,,,13,56,,
2004,Estonia,Neiokoso,Tii,,,11,57,,
2004,Finland,Jari Sillanpaa,Takes 2 To Tango,,,14,51,,
2004,France,Jonatan Cerrada,A Chaque Pas,15,40,,,,
2004,Germany,Max (Maximilian Mutzke),Can't Wait Until Tonight,8,93,,,,
2004,Greece,Sakis Rouvas,Shake It,3,252,3,238,,
2004,Iceland,Jonsi,Heaven,19,16,,,,
2004,Ireland,Chris Doran,If My World Stopped Turning,22,7,,,,
2004,Israel,David D'or,Le'ha'amin,,,11,57,,
2004,Latvia,Fomins & Kleins,Dziesma Par Laimi,,,17,23,,
2004,Lithuania,Linas ir Simona,What's Happened To Your Love,,,16,26,,
2004,Malta,Julie & Ludwig,On Again... Off Again,12,50,8,74,,
2004,Monaco,Maryon,Notre Planete,,,19,10,,
2004,Netherlands,Re-union,Without You,20,11,6,146,,
2004,North Macedonia,Tose Proeski,Life,14,47,10,71,,
2004,Norway,Knut Anders Sorum,High,24,3,,,,
2004,Poland,Blue Cafe,Love Song,17,27,,,,
2004,Portugal,Sofia,Foi Magia,,,15,38,,
2004,Romania,Sanda Ladosi,I Admit,18,18,,,,
2004,Russia,Julia Savicheva,Believe Me,11,67,,,,
2004,Serbia & Montenegro,Zeljko Joksimovic,Lane Moje,2,263,1,263,,
2004,Slovenia,Platin,Stay Forever,,,21,5,,
2004,Spain,Ramon,Para Llenarme De Ti,10,87,,,,
2004,Sweden,Lena Philipsson,It Hurts,5,170,,,,
2004,Switzerland,Piero Esteriore & the MusicStars,Celebrate,,,22,0,,
2004,Turkey,Athena,For Real,4,195,,,,
2004,Ukraine,Ruslana,Wild Dances,1,280,2,256,,
2004,United Kingdom,James Fox,Hold On To Our Love,16,29,,,,
2005,Albania,Ledina Celo,Tomorrow I Go,16,53,,,,
2005,Andorra,Marian van de Wal,La Mirada Interior,,,23,27,,
2005,Austria,Global.Kryner,Y Asi,,,21,30,,
2005,Belarus,Angelica Agurbash,Love Me Tonight,,,13,67,,
2005,Belgium,Nuno Resende,Le Grand Soir,,,22,29,,
2005,Bosnia & Herzegovina,Feminnem,Call Me,14,79,,,,
2005,Bulgaria,Kaffe,Lorraine,,,19,49,,
2005,Croatia,Boris Novkovic feat. Lado members,Vukovi Umiru Sami,11,115,4,169,,
2005,Cyprus,Constantinos Christoforou,Ela Ela,18,46,,,,
2005,Denmark,Jakob Sveistrup,Talking To You,9,125,3,185,,
2005,Estonia,Suntribe,Let's Get Loud,,,20,31,,
2005,Finland,Geir Ronning,Why,,,18,50,,
2005,France,Ortal,Chacun Pense a Soi,23,11,,,,
2005,Germany,Gracia,Run & Hide,24,4,,,,
2005,Greece,Helena Paparizou,My Number One,1,230,,,,
2005,Hungary,NOX,Forogj Vilag,12,97,5,167,,
2005,Iceland,Selma,If I Had Your Love,,,16,52,,
2005,Ireland,Donna and Joseph McCaul,Love?,,,14,53,,
2005,Israel,Shiri Maymon,Hasheket Shenish'ar,4,154,7,158,,
2005,Latvia,Walter & Kazha,The War Is Not Over,5,153,10,85,,
2005,Lithuania,Laura and the Lovers,Little By Little,,,25,17,,
2005,Malta,Chiara,Angel,2,192,,,,
2005,Moldova,Zdob si Zdub,Boonika Bate Toba,6,148,2,207,,
2005,Monaco,Lise Darly,Tout De Moi,,,24,22,,
2005,Netherlands,Glennis Grace,My Impossible Dream,,,14,53,,
2005,North Macedonia,Martin Vucic,Make My Day,17,52,9,97,,
2005,Norway,Wig Wam,In My Dreams,9,125,6,164,,
2005,Poland,Ivan & Delfin,Czarna Dziewczyna,,,11,81,,
2005,Portugal,2B,Amar,,,17,51,,
2005,Romania,Luminita Anghel & Sistem,Let Me Try,3,158,1,235,,
2005,Russia,Natalia Podolskaya,Nobody Hurt No One,15,57,,,,
2005,Serbia & Montenegro,No Name,Zauvijek Moja,7,137,,,,
2005,Slovenia,Omar Naber,Stop,,,12,69,,
2005,Spain,Son de sol,Brujeria,21,28,,,,
2005,Sweden,Martin Stenmarck,Las Vegas,19,30,,,,
2005,Switzerland,Vanilla Ninja,Cool Vibes,8,128,8,114,,
2005,Turkey,Gulseren,Rimi Rimi Ley,13,92,,,,
2005,Ukraine,Greenjolly,Razom Nas Bahato,19,30,,,,
2005,United Kingdom,Javine,Touch My Fire,22,18,,,,
2006,Albania,Luiz Ejlli,Zjarr E Ftohte,,,14,58,,
2006,Andorra,Jennifer,Sense Tu,,,23,8,,
2006,Armenia,Andre,Without Your Love,8,129,6,150,,
2006,Belarus,Polina Smolova,Mum,,,22,10,,
2006,Belgium,Kate Ryan,Je T'adore,,,12,69,,
2006,Bosnia & Herzegovina,Hari Mata Hari,Lejla,3,229,2,267,,
2006,Bulgaria,Mariana Popova,Let Me Cry,,,17,36,,
2006,Croatia,Severina,Moja Stikla,12,56,,,,
2006,Cyprus,Annet Artani,Why Angels Cry,,,15,57,,
2006,Denmark,Sidsel Ben Semmane,Twist Of Love,18,26,,,,
2006,Estonia,Sandra,Through My Window,,,18,28,,
2006,Finland,Lordi,Hard Rock Hallelujah,1,292,1,292,,
2006,France,Virginie Pouchin,Il etait Temps,22,5,,,,
2006,Germany,Texas Lightning,"No, No, Never",14,36,,,,
2006,Greece,Anna Vissi,Everything,9,128,,,,
2006,Iceland,Silvia Night,Congratulations,,,13,62,,
2006,Ireland,Brian Kennedy,Every Song Is A Cry For Love,10,93,9,79,,
2006,Israel,Eddie Butler,Ze Hazman,23,4,,,,
2006,Latvia,Cosmos,I Hear Your Heart,16,30,,,,
2006,Lithuania,LT United,We Are The Winners,6,162,5,163,,
2006,Malta,Fabrizio Faniello,I Do,24,1,,,,
2006,Moldova,Arsenium & Natalia Gordienko,Loca,20,22,,,,
2006,Monaco,Severine Ferrer,La Coco-dance,,,21,14,,
2006,Netherlands,Treble,Amambanda,,,20,22,,
2006,North Macedonia,Elena Risteska,Ninanajna,12,56,10,76,,
2006,Norway,Christine Guldbrandsen,Alvedansen,14,36,,,,
2006,Poland,Ich Troje,Follow My Heart,,,11,70,,
2006,Portugal,Nonstop,Coisas De Nada,,,19,26,,
2006,Romania,Mihai Traistariu,Tornero,4,172,,,,
2006,Russia,Dima Bilan,Never Let You Go,2,248,3,217,,
2006,Slovenia,Anzej Dezan,Mr. Nobody,,,16,49,,
2006,Spain,Las Ketchup,Bloody Mary,21,18,,,,
2006,Sweden,Carola,Invincible,5,170,4,214,,
2006,Switzerland,Six4One,If We All Give A Little,16,30,,,,
2006,Turkey,Sibel Tuzun,Superstar,11,91,8,91,,
2006,Ukraine,Tina Karol,Show Me Your Love,7,145,7,146,,
2006,United Kingdom,Daz Sampson,Teenage Life,19,25,,,,
2007,Albania,Aida & Frederik Ndoci,Hear My Plea,,,17,49,,
2007,Andorra,Anonymous,Salvem El Mon,,,12,80,,
2007,Armenia,Hayko,Anytime You Need,8,138,,,,
2007,Austria,Eric Papilaya,Get A Life - Get Alive,,,27,4,,
2007,Belarus,Dmitry Koldun,Work Your Magic,6,145,4,176,,
2007,Belgium,The KMG's,Love Power,,,26,14,,
2007,Bosnia & Herzegovina,Marija Sestic,Rijeka Bez Imena,11,106,,,,
2007,Bulgaria,Elitsa Todorova & Stoyan Yankulov,Water,5,157,6,146,,
2007,Croatia,Dragonfly feat. Dado Topic,Vjerujem U Ljubav,,,16,54,,
2007,Cyprus,Evridiki,"Comme Ci, Comme ca",,,15,65,,
2007,Czech Republic,Kabat,Mala Dama,,,28,1,,
2007,Denmark,DQ,Drama Queen,,,19,45,,
2007,Estonia,Gerli Padar,Partners In Crime,,,22,33,,
2007,Finland,Hanna Pakarinen,Leave Me Alone,17,53,,,,
2007,France,Les Fatals Picards,L'amour a La Francaise,22,19,,,,
2007,Georgia,Sopho,My Story,12,97,8,123,,
2007,Germany,Roger Cicero,Frauen Regieren Die Welt,19,49,,,,
2007,Greece,Sarbel,Yassou Maria,7,139,,,,
2007,Hungary,Magdi Ruzsa,Unsubstantial Blues,9,128,2,224,,
2007,Iceland,Eirikur Hauksson,Valentine Lost,,,13,77,,
2007,Ireland,Dervish,They Can't Stop The Spring,24,5,,,,
2007,Israel,Teapacks,Push The Button,,,24,17,,
2007,Latvia,Bonaparti.lv,Questa Notte,16,54,5,168,,
2007,Lithuania,4Fun,Love Or Leave,21,28,,,,
2007,Malta,Olivia Lewis,Vertigo,,,25,15,,
2007,Moldova,Natalia Barbu,Fight,10,109,10,91,,
2007,Montenegro,Stevan Faddy,Ajde Kroci,,,22,33,,
2007,Netherlands,Edsilia Rombley,On Top Of The World,,,21,38,,
2007,North Macedonia,Karolina,Mojot Svet,14,73,9,97,,
2007,Norway,Guri Schanke,Ven A Bailar Conmigo,,,18,48,,
2007,Poland,The Jet Set,Time To Party,,,14,75,,
2007,Portugal,Sabrina,Danca Comigo (vem Ser Feliz),,,11,88,,
2007,Romania,Todomondo,"Liubi, Liubi, I Love You",13,84,,,,
2007,Russia,Serebro,Song # 1,3,207,,,,
2007,Serbia,Marija Serifovic,Molitva,1,268,1,298,,
2007,Slovenia,Alenka Gotar,Cvet Z Juga,15,66,7,140,,
2007,Spain,NASH,I Love You Mi Vida,20,43,,,,
2007,Sweden,The Ark,The Worrying Kind,18,51,,,,
2007,Switzerland,DJ BoBo,Vampires Are Alive,,,20,40,,
2007,Turkey,Kenan Dogulu,Shake It Up Shekerim,4,163,3,197,,
2007,Ukraine,Verka Serduchka,Dancing Lasha Tumbai,2,235,,,,
2007,United Kingdom,Scooch,Flying The Flag (for You),22,19,,,,
2008,Albania,Olta Boka,Zemren E Lame Peng,17,55,,,9,67
2008,Andorra,Gisela,Casanova,,,16,22,,
2008,Armenia,Sirusho,"Qele, Qele",4,199,2,139,,
2008,Azerbaijan,Elnur & Samir,Day After Day,8,132,6,96,,
2008,Belarus,Ruslan Alehno,Hasta La Vista,,,,,17,27
2008,Belgium,Ishtar,O Julissi,,,17,16,,
2008,Bosnia & Herzegovina,Laka,Pokusaj,10,110,9,72,,
2008,Bulgaria,Deep Zone & Balthazar,"DJ, Take Me Away",,,,,12,56
2008,Croatia,Kraljevi Ulice & 75 Cents,Romanca,21,44,,,4,112
2008,Cyprus,Evdokia Kadi,Femme Fatale,,,,,15,36
2008,Czech Republic,Tereza Kerndlova,Have Some Fun,,,,,18,9
2008,Denmark,Simon Mathew,All Night Long,15,60,,,3,112
2008,Estonia,Kreisiraadio,Leto Svet,,,18,8,,
2008,Finland,Terasbetoni,Missa Miehet Ratsastaa,22,35,8,79,,
2008,France,Sebastien Tellier,Divine,19,47,,,,
2008,Georgia,Diana Gurtskaya,Peace Will Come,11,83,,,5,107
2008,Germany,No Angels,Disappear,23,14,,,,
2008,Greece,Kalomira,Secret Combination,3,218,1,156,,
2008,Hungary,Csezy,Candlelight,,,,,19,6
2008,Iceland,Euroband,This Is My Life,14,64,,,8,68
2008,Ireland,Dustin the Turkey,Irelande Douze Pointe,,,15,22,,
2008,Israel,Boaz,The Fire In Your Eyes,9,124,5,104,,
2008,Latvia,Pirates Of The Sea,Wolves Of The Sea,12,83,,,6,86
2008,Lithuania,Jeronimas Milius,Nomads In The Night,,,,,16,30
2008,Malta,Morena,Vodka,,,,,14,38
2008,Moldova,Geta Burlacu,A Century Of Love,,,12,36,,
2008,Montenegro,Stefan Filipovic,Zauvijek Volim Te,,,14,23,,
2008,Netherlands,Hind,Your Heart Belongs To Me,,,13,27,,
2008,North Macedonia,"Tamara, Vrcak & Adrijan",Let Me Love You,,,,,11,64
2008,Norway,Maria,Hold On Be Strong,5,182,4,106,,
2008,Poland,Isis Gee,For Life,24,14,10,42,,
2008,Portugal,Vania Fernandes,Senhora Do Mar (Negras Aguas),13,69,,,2,120
2008,Romania,Nico & Vlad,Pe-o Margine De Lume,20,45,7,94,,
2008,Russia,Dima Bilan,Believe,1,272,3,135,,
2008,San Marino,Miodio,Complice,,,19,5,,
2008,Serbia,Jelena Tomasevic feat. Bora Dugic,Oro,6,160,,,,
2008,Slovenia,Rebeka Dremelj,Vrag Naj Vzame,,,11,36,,
2008,Spain,Rodolfo Chikilicuatre,Baila El Chiki Chiki,16,55,,,,
2008,Sweden,Charlotte Perrelli,Hero,18,47,,,10,54
2008,Switzerland,Paolo Meneguzzi,Era Stupendo,,,,,13,47
2008,Turkey,Mor ve Otesi,Deli,7,138,,,7,85
2008,Ukraine,Ani Lorak,Shady Lady,2,230,,,1,152
2008,United Kingdom,Andy Abraham,Even IF,25,14,,,,
2009,Albania,Kejsi Tola,Carry Me In Your Dreams,17,48,,,7,73
2009,Andorra,Susanne Georgi,La Teva Decisio (Get A Life),,,15,8,,
2009,Armenia,Inga & Anush,Jan Jan,10,92,5,99,,
2009,Azerbaijan,AySel & Arash,Always,3,207,,,2,180
2009,Belarus,Petr Elfimov,Eyes That Never Lie,,,13,25,,
2009,Belgium,Copycat,Copycat,,,17,1,,
2009,Bosnia & Herzegovina,Regina,Bistra Voda,9,106,3,125,,
2009,Bulgaria,Krassimir Avramov,Illusion,,,16,7,,
2009,Croatia,Igor Cukrov feat. Andrea,Lijepa Tena,18,45,,,13,33
2009,Cyprus,Christina Metaxa,Firefly,,,,,14,32
2009,Czech Republic,Gipsy.cz,Aven Romale,,,18,0,,
2009,Denmark,Brinck,Believe Again,13,74,,,8,69
2009,Estonia,Urban Symphony,Randajad,6,129,,,3,115
2009,Finland,Waldo's People,Lose Control,25,22,12,42,,
2009,France,Patricia Kaas,Et S'il Fallait Le Faire,8,107,,,,
2009,Germany,Alex Swings Oscar Sings!,Miss Kiss Kiss Bang,20,35,,,,
2009,Greece,Sakis Rouvas,This Is Our Night,7,120,,,4,110
2009,Hungary,Zoli Adok,Dance With Me,,,,,15,16
2009,Iceland,Yohanna,Is It True?,2,218,1,174,,
2009,Ireland,Sinead Mulvey & Black Daisy,Et Cetera,,,,,11,52
2009,Israel,Noa & Mira Awad,There Must Be Another Way,16,53,7,75,,
2009,Latvia,Intars Busulis,Probka,,,,,19,7
2009,Lithuania,Sasha Son,Love,23,23,,,9,66
2009,Malta,Chiara,What If We,22,31,6,86,,
2009,Moldova,Nelly Ciobanu,Hora Din Moldova,14,69,,,5,106
2009,Montenegro,Andrea Demirovic,Just Get Out of My Life,,,11,44,,
2009,Netherlands,The Toppers,Shine,,,,,17,11
2009,North Macedonia,Next Time,Neshto Shto Ke Ostane,,,10,45,,
2009,Norway,Alexander Rybak,Fairytale,1,387,,,1,201
2009,Poland,Lidia Kopania,I Don't Wanna Leave,,,,,12,43
2009,Portugal,Flor-de-lis,Todas As Ruas Do Amor,15,57,8,70,,
2009,Romania,Elena,The Balkan Girls,19,40,9,67,,
2009,Russia,Anastasia Prikhodko,Mamo,11,91,,,,
2009,Serbia,Marko Kon & Milaan,Cipela,,,,,10,60
2009,Slovakia,Kamil Mikulcik & Nela Pociskova,Let Tmou,,,,,18,8
2009,Slovenia,Quartissimo feat. Martina,Love Symphony,,,,,16,14
2009,Spain,Soraya,La Noche Es Para Mi (The Night Is For Me),23,23,,,,
2009,Sweden,Malena Ernman,La Voix,21,33,4,105,,
2009,Switzerland,Lovebugs,The Highest Heights,,,14,15,,
2009,Turkey,Hadise,Dum Tek Tek,4,177,2,172,,
2009,Ukraine,Svetlana Loboda,Be my Valentine! (Anti-crisis Girl),12,76,,,6,80
2009,United Kingdom,Jade Ewen,It's My Time,5,173,,,,
2010,Albania,Juliana Pasha,It's All About You,16,62,6,76,,
2010,Armenia,Eva Rivas,Apricot Stone,7,141,,,6,83
2010,Azerbaijan,Safura,Drip Drop,5,145,,,2,113
2010,Belarus,3+2,Butterflies,24,18,9,59,,
2010,Belgium,Tom Dice,Me And My Guitar,6,143,1,167,,
2010,Bosnia & Herzegovina,Vukasin Brajic,Thunder And Lightning,17,51,8,59,,
2010,Bulgaria,Miro,Angel Si Ti,,,,,15,19
2010,Croatia,Feminnem,Lako Je Sve,,,,,13,33
2010,Cyprus,Jon Lilygreen & The Islanders,Life Looks Better In Spring,21,27,,,10,67
2010,Denmark,Chanee & N'evergreen,In A Moment Like This,4,149,,,5,101
2010,Estonia,Malcolm Lincoln,Siren,,,14,39,,
2010,Finland,Kuunkuiskaajat,Tyolki Ellaa,,,11,49,,
2010,France,Jessy Matador,Alllez Olla Ole,12,82,,,,
2010,Georgia,Sofia Nizharadze,Shine,9,136,,,3,106
2010,Germany,Lena,Satellite,1,246,,,,
2010,Greece,Giorgos Alkaios & Friends,OPA,8,140,2,133,,
2010,Iceland,Hera Bjork,Je Ne Sais Quoi,19,41,3,123,,
2010,Ireland,Niamh Kavanagh,It's For You,23,25,,,9,67
2010,Israel,Harel Skaat,Milim,14,71,,,8,71
2010,Latvia,Aisha,What For?,,,17,11,,
2010,Lithuania,InCulto,East European Funk,,,,,12,44
2010,Malta,Thea Garrett,My Dream,,,12,45,,
2010,Moldova,Sunstroke Project & Olia Tira,Run Away,22,27,10,52,,
2010,Netherlands,Sieneke,Ik Ben Verliefd (Sha-la-lie),,,,,14,29
2010,North Macedonia,Gjoko Taneski,Jas Ja Imam Silata,,,15,37,,
2010,Norway,Didrik Solli-Tangen,My Heart Is Yours,20,35,,,,
2010,Poland,Marcin Mrozinski,Legenda,,,13,44,,
2010,Portugal,Filipa Azevedo,Ha Dias Assim,18,43,4,89,,
2010,Romania,Paula Seling & Ovi,Playing With Fire,3,162,,,4,104
2010,Russia,Peter Nalitch & Friends,Lost And Forgotten,11,90,7,74,,
2010,Serbia,Milan Stankovic,Ovo Je Balkan,13,72,5,79,,
2010,Slovakia,Kristina Pelakova,Horehronie,,,16,24,,
2010,Slovenia,Ansambel Zlindra & Kalamari,Narodnozabavni Rock,,,,,16,6
2010,Spain,Daniel Diges,Algo Pequenito,15,68,,,,
2010,Sweden,Anna Bergendahl,This Is My Life,,,,,11,62
2010,Switzerland,Michael von der Heide,Il Pleut de L'Or,,,,,17,2
2010,Turkey,maNga,We Could Be The Same,2,170,,,1,118
2010,Ukraine,Alyosha,Sweet People,10,108,,,7,77
2010,United Kingdom,Josh,That Sounds Good To Me,25,10,,,,
2011,Albania,Aurela Gace,Feel The Passion,,,14,47,,
2011,Armenia,Emmy,Boom Boom,,,12,54,,
2011,Austria,Nadine Beiler,The Secret Is Love,18,64,,,7,69
2011,Azerbaijan,Ell & Nikki,Running Scared,1,221,2,122,,
2011,Belarus,Anastasiya Vinnikova,I Love Belarus,,,,,14,45
2011,Belgium,Witloof Bay,With Love Baby,,,,,11,53
2011,Bosnia & Herzegovina,Dino Merlin,Love In Rewind,6,125,,,5,109
2011,Bulgaria,Poli Genova,Na Inat,,,,,12,48
2011,Croatia,Daria,Celebrate,,,15,41,,
2011,Cyprus,Christos Mylordos,San Aggelos S'Agapisa,,,,,18,16
2011,Denmark,A Friend In London,New Tomorrow,5,134,,,2,135
2011,Estonia,Getter Jaani,Rockefeller Street,24,44,,,9,60
2011,Finland,Paradise Oskar,Da Da Dam,21,57,3,103,,
2011,France,Amaury Vassili,Sognu,15,82,,,,
2011,Georgia,Eldrine,One More Day,9,110,6,74,,
2011,Germany,Lena,Taken By A Stranger,10,107,,,,
2011,Greece,Loucas Yiorkas feat. Stereo Mike,Watch My Dance,7,120,1,133,,
2011,Hungary,Kati Wolf,What About My Dreams?,22,53,7,72,,
2011,Iceland,Sjonni's Friends,Coming Home,20,61,4,100,,
2011,Ireland,Jedward,Lipstick,8,119,,,8,68
2011,Israel,Dana International,Ding Dong,,,,,15,38
2011,Italy,Raphael Gualazzi,Madness Of Love,2,189,,,,
2011,Latvia,Musiqq,Angel In Disguise,,,,,17,25
2011,Lithuania,Evelina Sasenko,C'est Ma Vie,19,63,5,81,,
2011,Malta,Glen Vella,One Life,,,11,54,,
2011,Moldova,Zdob si Zdub,So Lucky,12,97,,,10,54
2011,Netherlands,3JS,Never Alone,,,,,19,13
2011,North Macedonia,Vlatko Ilievski,Rusinka,,,,,16,36
2011,Norway,Stella Mwangi,Haba Haba,,,17,30,,
2011,Poland,Magdalena Tul,Jestem,,,19,18,,
2011,Portugal,Homens Da Luta,Luta E Alegria,,,18,22,,
2011,Romania,Hotel FM,Change,17,77,,,4,111
2011,Russia,Alexej Vorobjov,Get You,16,77,9,64,,
2011,San Marino,Senit,Stand By,,,16,34,,
2011,Serbia,Nina,Caroban,14,85,8,67,,
2011,Slovakia,TWiiNS,I'm Still Alive,,,,,13,48
2011,Slovenia,Maja Keuc,No One,13,96,,,3,112
2011,Spain,Lucia Perez,Que Me Quiten Lo Bailao - They Can't Take The Fun Away From Me,23,50,,,,
2011,Sweden,Eric Saade,Popular,3,185,,,1,155
2011,Switzerland,Anna Rossinelli,In Love For A While,25,19,10,55,,
2011,Turkey,Yuksek Sadakat,Live It Up,,,13,47,,
2011,Ukraine,Mika Newton,Angel,4,159,,,6,81
2011,United Kingdom,Blue,I Can,11,100,,,,
2012,Albania,Rona Nishliu,Suus,5,146,2,146,,
2012,Austria,Trackshittaz,Woki Mit Deim Popo,,,18,8,,
2012,Azerbaijan,Sabina Babayeva,When The Music Dies,4,150,,,,
2012,Belarus,Litesound,We Are The Heroes,,,,,16,35
2012,Belgium,Iris,Would You?,,,17,16,,
2012,Bosnia & Herzegovina,Maya Sar,Korake ti znam,18,55,,,6,77
2012,Bulgaria,Sofi Marinova,Love Unlimited,,,,,11,45
2012,Croatia,Nina Badric,Nebo,,,,,12,42
2012,Cyprus,Ivi Adamou,La La Love,16,65,7,91,,
2012,Denmark,Soluna Samay,Should've Known Better,23,21,9,63,,
2012,Estonia,Ott Lepland,Kuula,6,120,,,4,100
2012,Finland,Pernilla,Nar Jag Blundar,,,12,41,,
2012,France,Anggun,Echo (You And I),22,21,,,,
2012,Georgia,Anri Jokhadze,I'm A Joker,,,,,14,36
2012,Germany,Roman Lob,Standing Still,8,110,,,,
2012,Greece,Eleftheria Eleftheriou,Aphrodisiac,17,64,4,116,,
2012,Hungary,Compact Disco,Sound Of Our Hearts,24,19,10,52,,
2012,Iceland,Greta Salome & Jonsi,Never Forget,20,46,8,75,,
2012,Ireland,Jedward,Waterline,19,46,6,92,,
2012,Israel,Izabo,Time,,,13,33,,
2012,Italy,Nina Zilli,L'Amore E Femmina (Out Of Love),9,101,,,,
2012,Latvia,Anmary,Beautiful Song,,,16,17,,
2012,Lithuania,Donny Montell,Love Is Blind,14,70,,,3,104
2012,Malta,Kurt Calleja,This Is The Night,21,41,,,7,70
2012,Moldova,Pasha Parfeny,Lautar,11,81,5,100,,
2012,Montenegro,Rambo Amadeus,Euro Neuro,,,15,20,,
2012,Netherlands,Joan Franka,You And Me,,,,,15,35
2012,North Macedonia,Kaliopi,Crno I Belo,13,71,,,9,53
2012,Norway,Tooji,Stay,26,7,,,10,45
2012,Portugal,Filipa Sousa,Vida Minha,,,,,13,39
2012,Romania,Mandinga,Zaleilah,12,71,3,120,,
2012,Russia,Buranovskiye Babushki,Party For Everybody,2,259,1,152,,
2012,San Marino,Valentina Monetta,The Social Network Song (Oh Oh - Uh - Oh Oh),,,14,31,,
2012,Serbia,Zeljko Joksimovic,Nije Ljubav Stvar,3,214,,,2,159
2012,Slovakia,Max Jason Mai,Don't Close Your Eyes,,,,,18,22
2012,Slovenia,Eva Boto,Verjamem,,,,,17,31
2012,Spain,Pastora Soler,Quedate Conmigo (Stay With Me),10,97,,,,
2012,Sweden,Loreen,Euphoria,1,372,,,1,181
2012,Switzerland,Sinplus,Unbreakable,,,11,45,,
2012,Turkey,Can Bonomo,Love Me Back,7,112,,,5,80
2012,Ukraine,Gaitana,Be My Guest,15,65,,,8,64
2012,United Kingdom,Engelbert Humperdinck,Love Will Set You Free,25,12,,,,
2013,Albania,"Adrian Lulgjuraj, Bledar Sejko",Identitet,,,,,15,31
2013,Armenia,Dorians,Lonely Planet,18,41,,,7,69
2013,Austria,Natalia Kelly,Shine,,,14,27,,
2013,Azerbaijan,Farid Mammadov,Hold Me,2,234,,,1,139
2013,Belarus,Alyona Lanskaya,Solayoh,16,48,7,64,,
2013,Belgium,Roberto Bellarosa,Love Kills,12,71,5,75,,
2013,Bulgaria,"Elitsa Todorova, Stoyan Yankulov",Samo Shampioni (Only Champions),,,,,12,45
2013,Croatia,Klapa s mora,Mizerja,,,13,38,,
2013,Cyprus,Despina Olympiou,An Me Thimasai,,,15,11,,
2013,Denmark,Emmelie de Forest,Only Teardrops,1,281,1,167,,
2013,Estonia,Birgit,Et Uus Saaks Alguse,20,19,10,52,,
2013,Finland,Krista Siegfrids,Marry Me,24,13,,,9,64
2013,France,Amandine Bourgeois,L'enfer Et Moi,23,14,,,,
2013,Georgia,Nodi Tatishvili & Sophie Gelovani,Waterfall,15,50,,,10,63
2013,Germany,Cascada,Glorious,21,18,,,,
2013,Greece,Koza Mostra feat. Agathon Iakovidis,Alcohol Is Free,6,152,,,2,121
2013,Hungary,ByeAlex,Kedvesem (Zoohacker Remix),10,84,,,8,66
2013,Iceland,Eythor Ingi,Eg A Lif,17,47,,,6,72
2013,Ireland,Ryan Dolan,Only Love Survives,26,5,8,54,,
2013,Israel,Moran Mazor,Rak Bishvilo,,,,,14,40
2013,Italy,Marco Mengoni,L'Essenziale,7,126,,,,
2013,Latvia,PeR,Here We Go,,,,,17,13
2013,Lithuania,Andrius Pojavis,Something,22,17,9,53,,
2013,Malta,Gianluca,Tomorrow,8,120,,,4,118
2013,Moldova,Aliona Moon,O Mie,11,71,4,95,,
2013,Montenegro,Who See,Igranka,,,12,41,,
2013,Netherlands,Anouk,Birds,9,114,6,75,,
2013,North Macedonia,Esma & Lozano,Pred Da Se Razdeni,,,,,16,28
2013,Norway,Margaret Berger,I Feed You My Love,4,191,,,3,120
2013,Romania,Cezar,It's My Life,13,65,,,5,83
2013,Russia,Dina Garipova,What If,5,174,2,156,,
2013,San Marino,Valentina Monetta,Crisalide (Vola),,,,,11,47
2013,Serbia,Moje 3,Ljubav Je Svuda,,,11,46,,
2013,Slovenia,Hannah,Straight Into Love,,,16,8,,
2013,Spain,ESDM,Contigo Hasta El Final (With You Until The End),25,8,,,,
2013,Sweden,Robin Stjernberg,You,14,62,,,,
2013,Switzerland,Takasa,You And Me,,,,,13,41
2013,Ukraine,Zlata Ognevich,Gravity,3,214,3,140,,
2013,United Kingdom,Bonnie Tyler,Believe In Me,19,23,,,,
2014,Albania,Hersi,One Night's Anger,,,15,22,,
2014,Armenia,Aram MP3,Not Alone,4,174,4,121,,
2014,Austria,Conchita Wurst,Rise Like a Phoenix,1,290,,,1,169
2014,Azerbaijan,Dilara Kazimova,Start A Fire,22,33,9,57,,
2014,Belarus,Teo,Cheesecake,16,43,,,5,87
2014,Belgium,Axel Hirsoux,Mother,,,14,28,,
2014,Denmark,Basim,Cliche Love Song,9,74,,,,
2014,Estonia,Tanja,Amazing,,,12,36,,
2014,Finland,Softengine,Something Better,11,72,,,3,97
2014,France,TWIN TWIN,Moustache,26,2,,,,
2014,Georgia,The Shin and Mariko,Three Minutes to Earth,,,,,15,15
2014,Germany,Elaiza,Is it right,18,39,,,,
2014,Greece,Freaky Fortune feat. RiskyKidd,Rise Up,20,35,,,7,74
2014,Hungary,Andras Kallay-Saunders,Running,5,143,3,127,,
2014,Iceland,Pollaponk,No Prejudice,15,58,8,61,,
2014,Ireland,Can-Linn (featuring Kasey Smith),Heartbeat,,,,,12,35
2014,Israel,Mei Finegold,Same Heart,,,,,14,19
2014,Italy,Emma,La Mia Citta,21,33,,,,
2014,Latvia,Aarzemnieki,Cake to bake,,,13,33,,
2014,Lithuania,Vilija Mataciunaite,Attention,,,,,11,36
2014,Malta,Firelight,Coming Home,23,32,,,9,63
2014,Moldova,Cristina Scarlat,Wild Soul,,,16,13,,
2014,Montenegro,Sergej Cetkovic,Moj Svijet,19,37,7,63,,
2014,Netherlands,The Common Linnets,Calm After The Storm,2,238,1,150,,
2014,North Macedonia,Tijana,To the Sky,,,,,13,33
2014,Norway,Carl Espen,Silent Storm,8,88,,,6,77
2014,Poland,Donatan & Cleo,My Slowianie - We Are Slavic,14,62,,,8,70
2014,Portugal,Suzy,Quero Ser Tua,,,11,39,,
2014,Romania,Paula Seling & OVI,Miracle,12,72,,,2,125
2014,Russia,Tolmachevy Sisters,Shine,7,89,6,63,,
2014,San Marino,Valentina Monetta,Maybe (Forse),24,14,10,40,,
2014,Slovenia,Tinkara Kovac,Round and round,25,9,,,10,52
2014,Spain,Ruth Lorenzo,Dancing in the rain,10,74,,,,
2014,Sweden,Sanna Nielsen,Undo,3,218,2,131,,
2014,Switzerland,Sebalter,Hunter Of Stars,13,64,,,4,92
2014,Ukraine,Mariya Yaremchuk,Tick - Tock,6,113,5,118,,
2014,United Kingdom,Molly,Children of the Universe,17,40,,,,
2015,Albania,Elhaida Dani,I'm Alive,17,34,10,62,,
2015,Armenia,Genealogy,Face The Shadow,16,34,7,77,,
2015,Australia,Guy Sebastian,Tonight Again,5,196,,,,
2015,Austria,The Makemakes,I Am Yours,26,0,,,,
2015,Azerbaijan,Elnur Huseynov,Hour Of The Wolf,12,49,,,10,53
2015,Belarus,Uzari&Maimuna,Time,,,12,39,,
2015,Belgium,Loic Nottet,Rhythm Inside,4,217,2,149,,
2015,Cyprus,John Karayiannis,One Thing I Should Have Done,22,11,,,6,87
2015,Czech Republic,Marta Jandova and Vaclav Noid Barta,Hope Never Dies,,,,,13,33
2015,Denmark,Anti Social Media,The Way You Are,,,13,33,,
2015,Estonia,Elina Born & Stig Rasta,Goodbye To Yesterday,7,106,3,105,,
2015,Finland,Pertti Kurikan Nimipaivat,Aina Mun Pitaa,,,16,13,,
2015,France,Lisa Angell,N'oubliez Pas,25,4,,,,
2015,Georgia,Nina Sublatti,Warrior,11,51,4,98,,
2015,Germany,Ann Sophie,Black Smoke,27,0,,,,
2015,Greece,Maria Elena Kyriakou,One Last Breath,19,23,6,81,,
2015,Hungary,Boogie,Wars For Nothing,20,19,8,67,,
2015,Iceland,Maria Olafs,Unbroken,,,,,15,14
2015,Ireland,Molly Sterling,Playing With Numbers,,,,,12,35
2015,Israel,Nadav Guedj,Golden Boy,9,97,,,3,151
2015,Italy,Il Volo,Grande Amore,3,292,,,,
2015,Latvia,Aminata,Love Injected,6,186,,,2,155
2015,Lithuania,Monika Linkyte and Vaidas Baumila,This Time,18,30,,,7,67
2015,Malta,Amber,Warrior,,,,,11,43
2015,Moldova,Eduard Romanyuta,I Want Your Love,,,11,41,,
2015,Montenegro,Knez,Adio,13,44,,,9,57
2015,Netherlands,Trijntje Oosterhuis,Walk Along,,,14,33,,
2015,North Macedonia,Daniel Kajmakoski,Autumn Leaves,,,15,28,,
2015,Norway,Morland & Debrah Scarlett,A Monster Like Me,8,102,,,4,123
2015,Poland,Monika Kuszynska,In The Name Of Love,23,10,,,8,57
2015,Portugal,Leonor Andrade,Ha Um Mar Que Nos Separa,,,,,14,19
2015,Romania,Voltaj,De La Capat / All Over Again,15,35,5,89,,
2015,Russia,Polina Gagarina,A Million Voices,2,303,1,182,,
2015,San Marino,Anita Simoncini & Michele Perniola,Chain Of Lights,,,,,16,11
2015,Serbia,Bojana Stamenov,Beauty Never Lies,10,53,9,63,,
2015,Slovenia,Maraaya,Here For You,14,39,,,5,92
2015,Spain,Edurne,Amanecer,21,15,,,,
2015,Sweden,Mans Zelmerlow,Heroes,1,365,,,1,217
2015,Switzerland,Melanie Rene,Time To Shine,,,,,17,4
2015,United Kingdom,Electro Velvet,Still In Love With You,24,5,,,,
2016,Albania,Eneda Tarifa,Fairytale,,,,,16,45
2016,Armenia,Iveta Mukuchyan,LoveWave,7,249,2,243,,
2016,Australia,Dami Im,Sound Of Silence,2,511,,,1,330
2016,Austria,ZOE,Loin d'ici,13,151,7,170,,
2016,Azerbaijan,Samra,Miracle,17,117,6,185,,
2016,Belarus,IVAN,Help You Fly,,,,,12,84
2016,Belgium,Laura Tesoro,What's The Pressure,10,181,,,3,274
2016,Bosnia & Herzegovina,Dalal & Deen feat. Ana Rucner and Jala,Ljubav Je,,,11,104,,
2016,Bulgaria,Poli Genova,If Love Was A Crime,4,307,,,5,220
2016,Croatia,Nina Kraljic,Lighthouse,23,73,10,133,,
2016,Cyprus,Minus One,Alter Ego,21,96,8,164,,
2016,Czech Republic,Gabriela Guncikova,I Stand,25,41,9,161,,
2016,Denmark,Lighthouse X,Soldiers Of Love,,,,,17,34
2016,Estonia,Juri Pootsmann,Play,,,18,24,,
2016,Finland,Sandhja,Sing It Away,,,15,51,,
2016,France,Amir,J'ai cherche,6,257,,,,
2016,Georgia,Nika Kocharov and Young Georgian Lolitaz,Midnight Gold,20,104,,,9,123
2016,Germany,Jamie-Lee,Ghost,26,11,,,,
2016,Greece,Argo,Utopian Land,,,16,44,,
2016,Hungary,Freddie,Pioneer,19,108,4,197,,
2016,Iceland,Greta Salome,Hear Them Calling,,,14,51,,
2016,Ireland,Nicky Byrne,Sunlight,,,,,15,46
2016,Israel,Hovi Star,Made Of Stars,14,135,,,7,147
2016,Italy,Francesca Michielin,No Degree Of Separation,16,124,,,,
2016,Latvia,Justs,Heartbeat,15,132,,,8,132
2016,Lithuania,Donny Montell,I've Been Waiting For This Night,9,200,,,4,222
2016,Malta,Ira Losco,Walk On Walter,12,153,3,209,,
2016,Moldova,Lidia Isac,Falling Stars,,,17,33,,
2016,Montenegro,Highway,The Real Thing,,,13,60,,
2016,Netherlands,Douwe Bob,Slow Down,11,153,5,197,,
2016,North Macedonia,Kaliopi,Dona,,,,,11,88
2016,Norway,Agnete,Icebreaker,,,,,13,63
2016,Poland,Michal Szpak,Color Of Your Life,8,229,,,6,151
2016,Russia,Sergey Lazarev,You Are The Only One,3,491,1,342,,
2016,San Marino,Serhat,I Didn't Know,,,12,68,,
2016,Serbia,Sanja Vucic ZAA,Goodbye (Shelter),18,115,,,10,105
2016,Slovenia,ManuElla,Blue And Red,,,,,14,57
2016,Spain,Barei,Say Yay!,22,77,,,,
2016,Sweden,Frans,If I Were Sorry,5,261,,,,
2016,Switzerland,Rykka,The Last Of Our Kind,,,,,18,28
2016,Ukraine,Jamala,1944,1,534,,,2,287
2016,United Kingdom,Joe and Jake,You're Not Alone,24,62,,,,
2017,Albania,Lindita,World,,,14,76,,
2017,Armenia,Artsvik,Fly With Me,18,79,7,152,,
2017,Australia,Isaiah,Don't Come Easy,9,173,6,160,,
2017,Austria,Nathan Trent,Running On Air,16,93,,,7,147
2017,Azerbaijan,Dihaj,Skeletons,14,120,8,150,,
2017,Belarus,Naviband,Story of My Life,17,83,,,9,110
2017,Belgium,Blanche,City Lights,4,363,4,165,,
2017,Bulgaria,Kristian Kostov,Beautiful Mess,2,615,,,1,403
2017,Croatia,Jacques Houdek,My Friend,13,128,,,8,141
2017,Cyprus,Hovig,Gravity,21,68,5,164,,
2017,Czech Republic,Martina Barta,My Turn,,,13,83,,
2017,Denmark,Anja,Where I Am,20,77,,,10,101
2017,Estonia,Koit Toome & Laura,Verona,,,,,14,85
2017,Finland,Norma John,Blackbird,,,12,92,,
2017,France,Alma,Requiem,12,135,,,,
2017,Georgia,Tamara Gachechiladze,Keep The Faith,,,11,99,,
2017,Germany,Levina,Perfect Life,25,6,,,,
2017,Greece,Demy,This is Love,19,77,10,115,,
2017,Hungary,Joci Papai,Origo,8,200,,,2,231
2017,Iceland,Svala,Paper,,,15,60,,
2017,Ireland,Brendan Murray,Dying to Try,,,,,13,86
2017,Israel,IMRI,I Feel Alive,23,39,,,3,207
2017,Italy,Francesco Gabbani,Occidentali's Karma,6,334,,,,
2017,Latvia,Triana Park,Line,,,18,21,,
2017,Lithuania,Fusedmarc,Rain Of Revolution,,,,,17,42
2017,Malta,Claudia Faniello,Breathlessly,,,,,16,55
2017,Moldova,Sunstroke Project,Hey Mamma,3,374,2,291,,
2017,Montenegro,Slavko Kalezic,Space,,,16,56,,
2017,Netherlands,OG3NE,Lights and Shadows,11,150,,,4,200
2017,North Macedonia,Jana Burceska,Dance Alone,,,,,15,69
2017,Norway,JOWST,Grab The Moment,10,158,,,5,189
2017,Poland,Kasia Mos,Flashlight,22,64,9,119,,
2017,Portugal,Salvador Sobral,Amar Pelos Dois,1,758,1,370,,
2017,Romania,Ilinca ft. Alex Florea,Yodel It!,7,282,,,6,174
2017,San Marino,Valentina Monetta and Jimmie Wilson,Spirit of the Night,,,,,18,1
2017,Serbia,Tijana Bogicevic,In Too Deep,,,,,11,98
2017,Slovenia,Omar Naber,On My Way,,,17,36,,
2017,Spain,Manel Navarro,Do It For Your Lover,26,5,,,,
2017,Sweden,Robin Bengtsson,I Can't Go On,5,344,3,227,,
2017,Switzerland,Timebelle,Apollo,,,,,12,97
2017,Ukraine,O.Torvald,Time,24,36,,,,
2017,United Kingdom,Lucie Jones,Never Give Up On You,15,111,,,,
2018,Albania,Eugent Bushpepa,Mall,11,184,8,162,,
2018,Armenia,Sevak Khanagyan,Qami,,,15,79,,
2018,Australia,Jessica Mauboy,We Got Love,20,99,,,4,212
2018,Austria,Cesar Sampson,Nobody But You,3,342,4,231,,
2018,Azerbaijan,Aisel,X My Heart,,,11,94,,
2018,Belarus,ALEKSEEV,Forever,,,16,65,,
2018,Belgium,Sennek,A Matter Of Time,,,12,91,,
2018,Bulgaria,EQUINOX,Bones,14,166,7,177,,
2018,Croatia,Franka,Crazy,,,17,63,,
2018,Cyprus,Eleni Foureira,Fuego,2,436,2,262,,
2018,Czech Republic,Mikolas Josef,Lie To Me,6,281,3,232,,
2018,Denmark,Rasmussen,Higher Ground,9,226,,,5,204
2018,Estonia,Elina Nechayeva,La Forza,8,245,5,201,,
2018,Finland,Saara Aalto,Monsters,25,46,10,108,,
2018,France,Madame Monsieur,Mercy,13,173,,,,
2018,Georgia,Ethno-Jazz Band Iriao,For You,,,,,18,24
2018,Germany,Michael Schulte,You Let Me Walk Alone,4,340,,,,
2018,Greece,Yianna Terzi,Oniro Mou,,,14,81,,
2018,Hungary,AWS,Viszlat Nyar,21,93,,,10,111
2018,Iceland,Ari Olafsson,Our Choice,,,19,15,,
2018,Ireland,Ryan O'Shaughnessy,Together,16,136,6,179,,
2018,Israel,Netta,TOY,1,529,1,283,,
2018,Italy,Ermal Meta e Fabrizio Moro,Non Mi Avete Fatto Niente,5,308,,,,
2018,Latvia,Laura Rizzotto,Funny Girl,,,,,12,106
2018,Lithuania,Ieva Zasimauskaite,When We're Old,12,181,9,119,,
2018,Malta,Christabelle,Taboo,,,,,13,101
2018,Moldova,DoReDos,My Lucky Day,10,209,,,3,235
2018,Montenegro,Vanja Radovanovic,Inje,,,,,16,40
2018,Netherlands,Waylon,Outlaw In 'Em,18,121,,,7,174
2018,North Macedonia,Eye Cue,Lost And Found,,,18,24,,
2018,Norway,Alexander Rybak,That's How You Write A Song,15,144,,,1,266
2018,Poland,Gromee feat. Lukas Meijer,Light Me Up,,,,,14,81
2018,Portugal,Claudia Pascoal,O Jardim,26,39,,,,
2018,Romania,The Humans,Goodbye,,,,,11,107
2018,Russia,Julia Samoylova,I Won't Break,,,,,15,65
2018,San Marino,Jessika featuring Jenifer Brening,Who We Are,,,,,17,28
2018,Serbia,Sanja Ilic & Balkanika,Nova Deca,19,113,,,9,117
2018,Slovenia,Lea Sirk,"Hvala, ne!",22,64,,,8,132
2018,Spain,Amaia y Alfred,Tu Cancion,23,61,,,,
2018,Sweden,Benjamin Ingrosso,Dance You Off,7,274,,,2,254
2018,Switzerland,ZiBBZ,Stones,,,13,86,,
2018,Ukraine,MELOVIN,Under The Ladder,17,130,,,6,179
2018,United Kingdom,SuRie,Storm,24,48,,,,
2019,Albania,Jonida Maliqi,Ktheju tokes,17,90,,,9,96
2019,Armenia,Srbuk,Walking Out,,,,,16,49
2019,Australia,Kate Miller-Heidke,Zero Gravity,9,284,1,261,,
2019,Austria,PAENDA,Limits,,,,,17,21
2019,Azerbaijan,Chingiz,Truth,8,302,,,5,224
2019,Belarus,ZENA,Like It,24,31,10,122,,
2019,Belgium,Eliot,Wake Up,,,13,70,,
2019,Croatia,Roko,The Dream,,,,,14,64
2019,Cyprus,Tamta,Replay,13,109,9,149,,
2019,Czech Republic,Lake Malawi,Friend of a Friend,11,157,2,242,,
2019,Denmark,Leonora,Love Is Forever,12,120,,,10,94
2019,Estonia,Victor Crone,Storm,20,76,4,198,,
2019,Finland,Darude feat. Sebastian Rejman,Look Away,,,17,23,,
2019,France,Bilal Hassani,Roi,16,105,,,,
2019,Georgia,Oto Nemsadze,Keep on Going,,,14,62,,
2019,Germany,S!sters,Sister,25,24,,,,
2019,Greece,Katerine Duska,Better Love,21,74,5,185,,
2019,Hungary,Joci Papai,Az en apam,,,12,97,,
2019,Iceland,Hatari,Hatrid mun sigra,10,232,3,221,,
2019,Ireland,Sarah McTernan,22,,,,,18,16
2019,Israel,Kobi Marimi,Home,23,35,,,,
2019,Italy,Mahmood,Soldi,2,472,,,,
2019,Latvia,Carousel,That Night,,,,,15,50
2019,Lithuania,Jurij Veklenko,Run With The Lions,,,,,11,93
2019,Malta,Michela,Chameleon,14,107,,,8,157
2019,Moldova,Anna Odobescu,Stay,,,,,12,85
2019,Montenegro,D mol,Heaven,,,16,46,,
2019,Netherlands,Duncan Laurence,Arcade,1,498,,,1,280
2019,North Macedonia,Tamara Todevska,Proud,7,305,,,2,239
2019,Norway,KEiiNO,Spirit in the Sky,6,331,,,7,210
2019,Poland,Tulia,Fire of Love (Pali sie),,,11,120,,
2019,Portugal,Conan Osiris,Telemoveis,,,15,51,,
2019,Romania,Ester Peony,On a Sunday,,,,,13,71
2019,Russia,Sergey Lazarev,Scream,3,370,,,6,217
2019,San Marino,Serhat,Say Na Na Na,19,77,8,150,,
2019,Serbia,Nevena Bozovic,Kruna,18,89,7,156,,
2019,Slovenia,Zala Kralj & Gasper Santl,Sebi,15,105,6,167,,
2019,Spain,Miki,La Venda,22,54,,,,
2019,Sweden,John Lundvik,Too Late For Love,5,334,,,3,238
2019,Switzerland,Luca Hanni,She Got Me,4,364,,,4,232
2019,United Kingdom,Michael Rice,Bigger Than Us,26,11,,,,
2020,Albania,Jonida Maliqi,Ktheju tokes,17,90,,,9,96
2020,Armenia,Srbuk,Walking Out,,,,,16,49
2020,Australia,Kate Miller-Heidke,Zero Gravity,9,284,1,261,,
2020,Austria,PAENDA,Limits,,,,,17,21
2020,Azerbaijan,Chingiz,Truth,8,302,,,5,224
2020,Belarus,ZENA,Like It,24,31,10,122,,
2020,Belgium,Eliot,Wake Up,,,13,70,,
2020,Croatia,Roko,The Dream,,,,,14,64
2020,Cyprus,Tamta,Replay,13,109,9,149,,
2020,Czech Republic,Lake Malawi,Friend of a Friend,11,157,2,242,,
2020,Denmark,Leonora,Love Is Forever,12,120,,,10,94
2020,Estonia,Victor Crone,Storm,20,76,4,198,,
2020,Finland,Darude feat. Sebastian Rejman,Look Away,,,17,23,,
2020,France,Bilal Hassani,Roi,16,105,,,,
2020,Georgia,Oto Nemsadze,Keep on Going,,,14,62,,
2020,Germany,S!sters,Sister,25,24,,,,
2020,Greece,Katerine Duska,Better Love,21,74,5,185,,
2020,Hungary,Joci Papai,Az en apam,,,12,97,,
2020,Iceland,Hatari,Hatrid mun sigra,10,232,3,221,,
2020,Ireland,Sarah McTernan,22,,,,,18,16
2020,Israel,Kobi Marimi,Home,23,35,,,,
2020,Italy,Mahmood,Soldi,2,472,,,,
2020,Latvia,Carousel,That Night,,,,,15,50
2020,Lithuania,Jurij Veklenko,Run With The Lions,,,,,11,93
2020,Malta,Michela,Chameleon,14,107,,,8,157
2020,Moldova,Anna Odobescu,Stay,,,,,12,85
2020,Montenegro,D mol,Heaven,,,16,46,,
2020,Netherlands,Duncan Laurence,Arcade,1,498,,,1,280
2020,North Macedonia,Tamara Todevska,Proud,7,305,,,2,239
2020,Norway,KEiiNO,Spirit in the Sky,6,331,,,7,210
2020,Poland,Tulia,Fire of Love (Pali sie),,,11,120,,
2020,Portugal,Conan Osiris,Telemoveis,,,15,51,,
2020,Romania,Ester Peony,On a Sunday,,,,,13,71
2020,Russia,Sergey Lazarev,Scream,3,370,,,6,217
2020,San Marino,Serhat,Say Na Na Na,19,77,8,150,,
2020,Serbia,Nevena Bozovic,Kruna,18,89,7,156,,
2020,Slovenia,Zala Kralj & Gasper Santl,Sebi,15,105,6,167,,
2020,Spain,Miki,La Venda,22,54,,,,
2020,Sweden,John Lundvik,Too Late For Love,5,334,,,3,238
2020,Switzerland,Luca Hanni,She Got Me,4,364,,,4,232
2020,United Kingdom,Michael Rice,Bigger Than Us,26,11,,,,
2021,Albania,Anxhela Peristeri,Karma,21,57,,,10,112
2021,Australia,Montaigne,Technicolour,,,14,28,,
2021,Austria,Vincent Bueno,Amen,,,,,12,66
2021,Azerbaijan,Efendi,Mata Hari,20,65,8,138,,
2021,Belgium,Hooverphonic,The Wrong Place,19,74,9,117,,
2021,Bulgaria,VICTORIA,Growing Up Is Getting Old,11,170,,,3,250
2021,Croatia,Albina,Tick-Tock,,,11,110,,
2021,Cyprus,Elena Tsagrinou,El Diablo,16,94,6,170,,
2021,Czech Republic,Benny Cristo,omaga,,,,,15,23
2021,Denmark,Fyr Og Flamme,Ove Os Pa Hinanden,,,,,11,89
2021,Estonia,Uku Suviste,The Lucky One,,,,,13,58
2021,Finland,Blind Channel,Dark Side,6,301,,,5,234
2021,France,Barbara Pravi,Voila,2,499,,,,
2021,Georgia,Tornike Kipiani,You,,,,,16,16
2021,Germany,Jendrik,I Don't Feel Hate,25,3,,,,
2021,Greece,Stefania,Last Dance,10,170,,,6,184
2021,Iceland,Dadi og Gagnamagnid,10 Years,4,378,,,2,288
2021,Ireland,Lesley Roy,MAPS,,,16,20,,
2021,Israel,Eden Alene,Set Me Free,17,93,5,192,,
2021,Italy,Maneskin,Zitti E Buoni,1,524,,,,
2021,Latvia,Samanta Tina,The Moon Is Rising,,,,,17,14
2021,Lithuania,The Roop,Discoteque,8,220,4,203,,
2021,Malta,Destiny,Je Me Casse,7,255,1,325,,
2021,Moldova,Natalia Gordienko,SUGAR,13,115,,,7,179
2021,Netherlands,Jeangu Macrooy,Birth Of A New Age,23,11,,,,
2021,North Macedonia,Vasil,Here I Stand,,,15,23,,
2021,Norway,TIX,Fallen Angel,18,75,10,115,,
2021,Poland,RAFAL,The Ride,,,,,14,35
2021,Portugal,The Black Mamba,Love Is On My Side,12,153,,,4,239
2021,Romania,ROXEN,Amnesia,,,12,85,,
2021,Russia,Manizha,Russian Woman,9,204,3,225,,
2021,San Marino,Senhit,Adrenalina,22,50,,,9,118
2021,Serbia,Hurricane,Loco Loco,15,102,,,8,124
2021,Slovenia,Ana Soklic,Amen,,,13,44,,
2021,Spain,Blas Canto,Voy A Quedarme,24,6,,,,
2021,Sweden,Tusse,Voices,14,109,7,142,,
2021,Switzerland,Gjon's Tears,Tout l'Univers,3,432,,,1,291
2021,Ukraine,Go_A,Shum,5,364,2,267,,
2021,United Kingdom,James Newman,Embers,26,0,,,,
